0,NZPP
1,WKHK
2,WPSJ
3,QGNK
4,BAIR
5,AJYO
6,HKRZ
7,KUAS
8,ZWQW
9,INOQ
10,KEHI
11,TACR
12,ZNGD
13,FAXD
14,HZHK
15,BFCA
16,QOAH
17,LMLY
18,JHUC
19,SEGJ
20,OONM
21,UYJO
22,KQAL
23,HTIY
24,XKBK
25,PCAV
26,PKWD
27,JNTQ
28,YXES
29,WXZF
30,SZHC
31,EZDE
32,KMRW
33,HTQW
34,EUJG
35,HBUS
36,TQIH
37,QGXE
38,FLFQ
39,ADOT
40,RNMB
41,GRNW
42,VSBY
43,SASI
44,RCBL
45,MCFT
46,LSQG
47,FOQT
48,GYCQ
49,TYZY
50,PIOG
51,QORC
52,WBJB
53,IZSM
54,CINJ
55,JUDY
56,JTSK
57,ESOQ
58,JANN
59,RJWP
60,WDOD
61,IKGV
62,JXPI
63,SUWO
64,JABQ
65,OUJC
66,UTAT
67,SHIG
68,YQBY
69,HMTE
70,EPEN
71,EOED
72,CGDA
73,GBUS
74,VSTB
75,QQYZ
76,PCWS
77,BAMW
78,UYPG
79,QZJH
80,IQYX
81,KFJK
82,CMOK
83,OAAR
84,ZGDW
85,AFAA
86,PCMY
87,IQPJ
88,QDVP
89,GLKF
90,FRJM
91,NQLF
92,UEOG
93,MKOI
94,LALR
95,ALVS
96,IKDJ
97,XOLL
98,AMTF
99,RGAQ
100,TDAI
101,LHYW
102,SLDO
103,BOHB
104,DIBU
105,DAZB
106,VXMR
107,MAUO
108,JHNW
109,JWYK
110,GJVF
111,CVAC
112,IIUO
113,QSTH
114,IGRT
115,ETRW
116,VJQA
117,JQZV
118,OVZM
119,HKUF
120,MCJG
121,NLZG
122,IHCR
123,VZRG
124,JJPW
125,WQJP
126,JQKA
127,HLXY
128,ZQCM
129,PILM
130,YWQI
131,ZWPY
132,VNFM
133,VPTO
134,QGRK
135,MKJC
136,DKCR
137,CAML
138,OITG
139,CJYJ
140,VPHJ
141,VLIP
142,KMXJ
143,BYXB
144,KALM
145,BENN
146,GOWI
147,GCCR
148,WCOV
149,QGAM
150,CDVG
151,KOEP
152,GNBH
153,AJFP
154,JVDW
155,FPJG
156,WJVC
157,MKMY
158,PHWP
159,QPPL
160,UALE
161,KLIW
162,DCGQ
163,YYBD
164,NGVL
165,ICOZ
166,JJQF
167,KXUZ
168,CHGN
169,YBYJ
170,XXWB
171,XVXK
172,SIYA
173,DCIQ
174,IZGE
175,BKJT
176,ANSV
177,IFOT
178,XHKY
179,GJVM
180,BQWD
181,RQNG
182,OGQJ
183,BOKQ
184,ACIH
185,LIQC
186,JBFO
187,UZHR
188,CZCM
189,FXCF
190,PMGV
191,OPYR
192,SFKG
193,NQDF
194,SNHA
195,GXFL
196,QSYK
197,QHXS
198,XWFP
199,PZSD
200,MXET
201,GXTR
202,AXEO
203,OPJM
204,ULUS
205,LAHJ
206,LDSW
207,WLWH
208,ZITB
209,NAEO
210,JDUA
211,XOCN
212,KVSV
213,DCEI
214,AIIV
215,GTRY
216,XVTT
217,YLSV
218,REGO
219,PCAK
220,FVDK
221,WDXE
222,GTXM
223,YSLE
224,WARQ
225,JHXN
226,MNOI
227,SOFF
228,IJGJ
229,XETP
230,ESNP
231,UPFK
232,KNYO
233,YXBF
234,LKPI
235,DBPQ
236,JFXM
237,MLDQ
238,BATN
239,ISUS
240,SZGC
241,SQNG
242,FXEC
243,BFKK
244,PLDA
245,AFWW
246,UQVO
247,NNXT
248,KUNY
249,WAXI
250,WUYL
251,UVEQ
252,NWUY
253,JYWN
254,XFYI
255,CABF
256,AABZ
257,AOYV
258,VKWV
259,FWZB
260,XVYF
261,OPTD
262,CPSB
263,BIVG
264,VCJP
265,EWAY
266,SRMV
267,BVSY
268,YEJR
269,CFXL
270,RHSJ
271,GWWT
272,FKFR
273,GVUT
274,CDIT
275,WXWM
276,MQEF
277,BHGK
278,SAQG
279,DWCY
280,XTDS
281,NFHN
282,JDQD
283,YOLM
284,KRRB
285,EXPZ
286,NTHY
287,DEVJ
288,IRFD
289,DMMT
290,XTDQ
291,DUTT
292,JNGI
293,SEWO
294,ETJX
295,MTQC
296,TATE
297,XQNM
298,FGEX
299,QDSF
300,UPUK
301,UHLY
302,DZSK
303,CMWF
304,XFZU
305,ZMHE
306,LZVJ
307,ZHDJ
308,MVKG
309,DBED
310,TABV
311,EXFD
312,UQUC
313,UGAJ
314,UFLC
315,YFBB
316,FEUO
317,FVKN
318,TFBB
319,DLHT
320,QJPT
321,LRVX
322,PTYU
323,ABZJ
324,MUSW
325,CVGS
326,VXGL
327,JITS
328,AMJW
329,CMPR
330,UFFC
331,QCBV
332,DOOD
333,TLDV
334,MKVX
335,BGPE
336,ILUC
337,OKND
338,UQYA
339,MIJE
340,ZMLV
341,DAQJ
342,WUOQ
343,XIKP
344,PNQU
345,TMKK
346,TONB
347,UBFR
348,THOZ
349,VZIF
350,SUKH
351,UHEW
352,BQXY
353,IJOX
354,XEWM
355,QHLB
356,PRDB
357,UMCN
358,VGGV
359,BECJ
360,JIDE
361,ITZA
362,BMTE
363,KYRW
364,DBHA
365,KSYB
366,IAGK
367,DCMC
368,UEBC
369,AYVO
370,GPYL
371,NGCX
372,HJWM
373,UOXR
374,KUQM
375,XIRT
376,XWDJ
377,ZXIN
378,YWAR
379,XJNL
380,LWTD
381,CLVE
382,MBCJ
383,NLNJ
384,YNII
385,QYPD
386,GNSP
387,DMLW
388,KSIX
389,DRXL
390,XSAM
391,GVXW
392,TEFY
393,JQUF
394,TYMC
395,MEJO
396,BQFI
397,DDWG
398,YFJH
399,PPLV
400,QUJK
401,OSLF
402,YOPQ
403,JGWC
404,LSLA
405,ZIGC
406,JWBP
407,ZESW
408,THSF
409,LTIB
410,AVEY
411,HAYT
412,NXVZ
413,FPPX
414,LUPK
415,EGNC
416,RYGO
417,JNRY
418,QNNJ
419,VYTB
420,LZKH
421,YSJI
422,GBAK
423,LXBQ
424,LGCL
425,ZGZU
426,JVFX
427,TYFS
428,QFSS
429,SUET
430,PHBC
431,XZXJ
432,XWPG
433,YTPV
434,SLKS
435,GFPR
436,GMEK
437,TIIK
438,UOWA
439,BWFG
440,OPGC
441,NSGA
442,NPBT
443,YBNL
444,MEQD
445,JNMC
446,FAND
447,TWHU
448,MRYL
449,ISAP
450,JFIO
451,KHNR
452,WEDM
453,AYVA
454,JLPZ
455,ERDF
456,YUFF
457,OWPB
458,BWJA
459,AMUM
460,UWGS
461,EEWJ
462,WNZX
463,TVGT
464,AOTB
465,QKJS
466,OCNQ
467,ESGW
468,DSEB
469,BFZG
470,FRUQ
471,OLTG
472,SWSG
473,JBTG
474,HQSW
475,RVYD
476,KTHA
477,EFTX
478,HVDV
479,HWNO
480,KGXW
481,HYNG
482,WEJV
483,KROM
484,NJHU
485,ACWK
486,SJNK
487,TWBU
488,UTXD
489,AXML
490,IXGY
491,NFOZ
492,FOUL
493,MLMD
494,THUU
495,TYJE
496,ALXE
497,OZCZ
498,UWMR
499,QSXY
500,TSCP
501,GTVU
502,YHJB
503,FNVV
504,NONE
505,SWAI
506,FETY
507,QNPJ
508,WZSW
509,MQEU
510,UXGL
511,XWVP
512,JBQO
513,RNGR
514,ZCZP
515,UGTB
516,RRBZ
517,TKKG
518,NLIL
519,RJRA
520,QMBP
521,JRBV
522,TVJY
523,BASJ
524,TAWQ
525,JHOJ
526,SBAA
527,BHKD
528,IPAQ
529,NJTM
530,HITV
531,UWDV
532,ONCU
533,MWXT
534,NWMF
535,SHIY
536,UDHP
537,TMCK
538,ADMQ
539,KGSO
540,XRLC
541,WIYG
542,ZRQB
543,YNJX
544,XKZL
545,TXDJ
546,ZXVF
547,VHUQ
548,SLPR
549,ODPT
550,GYBT
551,GCVY
552,IUBZ
553,IMNI
554,QKYI
555,QJTM
556,FZZG
557,PPON
558,HJHD
559,IGNX
560,ETGC
561,HAAF
562,JSXM
563,TXJM
564,DLMI
565,GJRR
566,XWBX
567,JXFG
568,TUVN
569,ORXX
570,BMGO
571,COFT
572,FFUY
573,WWXG
574,DSLH
575,QAAS
576,FMDM
577,UWLR
578,JQCJ
579,CUFI
580,FAXL
581,VAYH
582,GQUG
583,AKBM
584,TVJI
585,NOZK
586,UBAL
587,SUYS
588,LSEZ
589,ANNJ
590,EHTQ
591,IBTV
592,RUUN
593,FCDO
594,WCHU
595,HQBH
596,HAQJ
597,UFUI
598,XKEQ
599,VYGT
600,VWPD
601,EASD
602,UNLH
603,GHAJ
604,VVAM
605,SMBD
606,LMHV
607,VYJY
608,ZHJJ
609,MGNU
610,GRTB
611,QEQG
612,AQAY
613,BGTM
614,EXBJ
615,PFOP
616,BREC
617,ZVGG
618,HADM
619,CQDB
620,QMFU
621,UDLE
622,OILL
623,DZMA
624,VTKX
625,BRXH
626,MALH
627,KNHP
628,DRJG
629,XZVS
630,ITTF
631,FQUH
632,IIGH
633,SHMZ
634,DHZH
635,NKMD
636,JTJF
637,BZBX
638,WIEY
639,PZHH
640,WBBB
641,IANV
642,WVGU
643,EHCV
644,RLPV
645,KUNO
646,VKDH
647,WEEO
648,KOLJ
649,XWYW
650,URGC
651,THHC
652,LMRK
653,ZFWA
654,BWHN
655,RCKX
656,KNUA
657,GRHX
658,YFUS
659,LXOP
660,RWTV
661,QJKG
662,IRFL
663,VXCB
664,AKCR
665,IDVF
666,NIZL
667,DNXL
668,PCPJ
669,LQRG
670,GBVP
671,ZHMR
672,UDMM
673,DONS
674,WRFA
675,GIAA
676,ZNVN
677,BXIX
678,VGDY
679,FGHO
680,JFOU
681,MZIJ
682,AWEQ
683,FISZ
684,FBZL
685,GLZT
686,XMDN
687,RVMA
688,AIRF
689,YOPL
690,CSAX
691,NVBL
692,DSHW
693,SGDB
694,UAQL
695,GVVO
696,LTXE
697,MYJK
698,KFRS
699,AHDF
700,OQNV
701,UBJC
702,CYZU
703,CYLE
704,UHJW
705,KWXJ
706,MFSL
707,AVRK
708,BAWP
709,BRER
710,OVLX
711,TLDK
712,FQEO
713,CWNB
714,WPFW
715,ZWNP
716,TAMJ
717,WJDU
718,MGZX
719,QDFT
720,PMEM
721,ODDH
722,UBPZ
723,BNFJ
724,YKTI
725,JNMZ
726,BZAU
727,HQRT
728,PUBD
729,CPCZ
730,XXGV
731,GXYD
732,VLMA
733,AFHZ
734,NAEJ
735,PMTG
736,DRCD
737,OLUV
738,FIGI
739,LSKN
740,TSWD
741,LFJV
742,AIMV
743,GEKF
744,WYFP
745,ORZA
746,GIDZ
747,NNFW
748,RWVF
749,FFPT
750,OXTX
751,DTWI
752,VVGO
753,VSGV
754,DZYL
755,KFYM
756,HZBS
757,WTEJ
758,BURN
759,NTIN
760,ISXK
761,MSQN
762,VIST
763,AAOO
764,JOQC
765,XETH
766,SOWI
767,CHJE
768,WKHL
769,MDJT
770,QKSD
771,TLEY
772,MMJJ
773,GNKT
774,EKCM
775,FVQY
776,BBWC
777,XWBQ
778,DKBG
779,POWO
780,UHSC
781,WZSI
782,FUVA
783,CDTZ
784,DBFS
785,UXBQ
786,QWLS
787,ITLW
788,KSQQ
789,ULJF
790,XBPO
791,JVSW
792,FWAM
793,QZEP
794,ZGPO
795,BCRV
796,XGPT
797,XXDW
798,VVBL
799,UEHH
800,XIAJ
801,PPDY
802,BIGN
803,ZSKN
804,HYJD
805,DVQD
806,GXRN
807,GJQT
808,AVHR
809,SLEE
810,MYUE
811,URLZ
812,LRBM
813,KGRC
814,KQCI
815,GMCT
816,EELH
817,WCCM
818,WYSR
819,EPKI
820,GGWY
821,JCMS
822,LDUW
823,BBVJ
824,HHDY
825,UTNK
826,DYCN
827,GVFC
828,OWIV
829,USFR
830,GPFB
831,ZOXS
832,XMHP
833,JPWT
834,LNUH
835,UCXB
836,CJZR
837,FBFX
838,GDUQ
839,RJCS
840,UCDP
841,GNET
842,VUWY
843,PDKR
844,XUPP
845,ZMLR
846,VSXN
847,CJQN
848,GMVF
849,LYEI
850,ZXFW
851,TMQC
852,QCBS
853,XVPA
854,PWQF
855,CMQP
856,JZZY
857,SBLB
858,VZGL
859,PGGT
860,SLIV
861,OHFN
862,OBDW
863,SKBX
864,CCTA
865,EERL
866,KZBI
867,CQKY
868,KVLR
869,XJIR
870,VJCH
871,HLAU
872,JCRU
873,TBNA
874,PZMX
875,WAXF
876,IUGD
877,IRGG
878,ISWF
879,AUKS
880,PJFT
881,PTLW
882,LPZS
883,CRTL
884,YYWL
885,BIBA
886,LEPK
887,YYEW
888,BBIF
889,ANNH
890,YFST
891,KDDT
892,KIUG
893,WEKF
894,AYSG
895,XCEB
896,ZRQE
897,DFLG
898,JNJQ
899,ZVUC
900,VRXG
901,MNRO
902,NDOB
903,SGMZ
904,IATO
905,QGMF
906,PDFL
907,KSWD
908,OMPC
909,UJXW
910,XRKU
911,PIAR
912,GMBU
913,UVEK
914,AFUU
915,AGLF
916,HHMO
917,XBSY
918,PSKK
919,GTOQ
920,HJBY
921,JKYT
922,KLDK
923,VKXI
924,ZYLH
925,BGGQ
926,DWIB
927,IEBW
928,DPYK
929,DWBN
930,CCXC
931,HVXY
932,HHJI
933,ODBK
934,GKLP
935,DCWH
936,JJYB
937,DQMB
938,ORSV
939,WBPS
940,BQDF
941,WTFZ
942,JQZE
943,DZUH
944,NNFZ
945,MJCZ
946,OSNJ
947,HIVA
948,TKHB
949,JSGA
950,ZZRS
951,IOFR
952,AXGJ
953,LBRS
954,WAAL
955,TGGX
956,ZQTV
957,XARF
958,TXOJ
959,SELQ
960,MJKF
961,TXZT
962,AUGF
963,HSUF
964,ODEH
965,UTZX
966,WPEX
967,FAOU
968,UXEP
969,WWHM
970,DXEI
971,UIIN
972,GSNV
973,HGFF
974,ODOW
975,EIUH
976,IUGI
977,BQUC
978,XIHP
979,GIOX
980,QVXJ
981,PMOU
982,KXGU
983,VBKU
984,WDIZ
985,ZMBZ
986,VNCC
987,HMTT
988,HPTJ
989,BPRM
990,FQUQ
991,TVFL
992,JCQF
993,FKOV
994,ZHNJ
995,ZAYZ
996,MIZS
997,MDIN
998,SQHW
999,MDNC
1000,EFVC
1001,XPRA
1002,FBNG
1003,SNRK
1004,UXLQ
1005,BZDM
1006,RIQA
1007,DJMH
1008,QLSN
1009,XXGC
1010,GIAF
1011,LPCD
1012,CXEN
1013,BHOB
1014,MQTK
1015,GUHP
1016,OJJT
1017,JPHM
1018,QXJW
1019,JRTQ
1020,OYBR
1021,BYMY
1022,GRXG
1023,JRCR
1024,ZCMC
1025,GUNP
1026,QBGL
1027,QSEX
1028,XLBZ
1029,CZYA
1030,TVCU
1031,EZHL
1032,YDWE
1033,AZAM
1034,JNTK
1035,WREM
1036,EBPC
1037,SJNQ
1038,SWHW
1039,JADK
1040,WGSC
1041,LKUY
1042,EMEJ
1043,FWIJ
1044,FPRH
1045,AUTP
1046,QVIX
1047,SAWQ
1048,EJID
1049,JJHV
1050,TUPO
1051,TIXD
1052,XDBZ
1053,JZRQ
1054,KLZU
1055,LSHN
1056,WXAN
1057,CNHJ
1058,NUHV
1059,BCGT
1060,QVQF
1061,SKIK
1062,AAIL
1063,GSHL
1064,TKTR
1065,XOBD
1066,TXBP
1067,PZYU
1068,BFIK
1069,YSUQ
1070,VQFN
1071,UDWM
1072,QQTK
1073,WPRG
1074,MZQF
1075,QJKL
1076,UNLU
1077,VFXV
1078,JLCF
1079,NCUB
1080,KNVZ
1081,DDYL
1082,KECH
1083,MVSP
1084,XQHJ
1085,OCVG
1086,JLVZ
1087,EJMG
1088,RAWU
1089,MXPN
1090,USQW
1091,OSCF
1092,FRIF
1093,SVVX
1094,TDXW
1095,WIJC
1096,EDZE
1097,EEFB
1098,SOHN
1099,EIOG
1100,ZVFE
1101,WNHB
1102,EHSU
1103,XYSD
1104,WBGM
1105,ICRK
1106,BSSY
1107,YLSP
1108,KTSE
1109,ZUAB
1110,YAEE
1111,LZLP
1112,YONJ
1113,EYXQ
1114,ZGCL
1115,KIUH
1116,AAGU
1117,RYTW
1118,FPDG
1119,LVGS
1120,AJUY
1121,RUCN
1122,CXFD
1123,GTVT
1124,SLXI
1125,PQOL
1126,IIZL
1127,YYGB
1128,DIUG
1129,DBBE
1130,XQTI
1131,WKXT
1132,OGEB
1133,HBRR
1134,RIMT
1135,AVTZ
1136,SDTL
1137,WHDS
1138,XVYW
1139,VNHS
1140,DAAX
1141,OGSN
1142,NQNM
1143,MNTP
1144,JRKB
1145,YHTP
1146,WMLN
1147,VQEO
1148,TQBI
1149,WTDW
1150,CCBW
1151,INDE
1152,MNSO
1153,HWNX
1154,JMNO
1155,DPOL
1156,PQKS
1157,SCZH
1158,XZSU
1159,UISA
1160,LBXG
1161,XXBQ
1162,WPAT
1163,NPEL
1164,BMLB
1165,XWMR
1166,QMDL
1167,GFGL
1168,REMX
1169,VFQQ
1170,JNTQ
1171,QDMD
1172,NLUG
1173,NEIX
1174,XIAT
1175,WRRP
1176,DNZB
1177,KSEM
1178,TUET
1179,QGVX
1180,YSLY
1181,VVZI
1182,NEGR
1183,CHLV
1184,DBGA
1185,PQFI
1186,PQWP
1187,QAAF
1188,IUAD
1189,DGWB
1190,KKAZ
1191,ZBBJ
1192,BCIE
1193,AUPH
1194,ECQF
1195,AXZW
1196,KXUD
1197,VTDS
1198,MCWI
1199,WDYM
1200,VZSR
1201,EFWI
1202,NIAA
1203,CYOT
1204,GKEV
1205,BJMF
1206,OPHY
1207,JKWG
1208,YZEG
1209,NAAJ
1210,PPXQ
1211,VQPG
1212,OWUB
1213,ZKLR
1214,GNFI
1215,HGFD
1216,KYTC
1217,SSSC
1218,ZJIW
1219,LPZQ
1220,YJUV
1221,GGEN
1222,BPLR
1223,CAIX
1224,DMWZ
1225,DCAO
1226,KCQU
1227,WZNP
1228,MVLS
1229,UOEW
1230,XZAS
1231,ZSWE
1232,GFAG
1233,ZDFC
1234,IGAF
1235,LSLC
1236,SHQW
1237,USGF
1238,MAOE
1239,GMOP
1240,KANJ
1241,PJMH
1242,BZWF
1243,OJFU
1244,JZGB
1245,RHSE
1246,ERWR
1247,ZARP
1248,KURB
1249,PYWY
1250,PVDS
1251,UYUM
1252,EBAD
1253,YABZ
1254,QTAM
1255,AXNE
1256,NURN
1257,ERPB
1258,CLMG
1259,TKQF
1260,DIQD
1261,DYWI
1262,NQDC
1263,NOLT
1264,BIUI
1265,CYJW
1266,GPFP
1267,TPYG
1268,AIJW
1269,ZOUB
1270,YIYO
1271,JZZT
1272,HXXJ
1273,KCJJ
1274,OEHI
1275,ITSX
1276,OOYB
1277,ELFF
1278,QMCD
1279,AXBC
1280,EUQK
1281,TRVN
1282,PDRZ
1283,VOVB
1284,BWDO
1285,TXJJ
1286,RFVX
1287,KRNS
1288,FZGL
1289,KQZQ
1290,NJHY
1291,EVLU
1292,XIRY
1293,REIT
1294,YFCO
1295,AEZS
1296,YYZO
1297,QYIH
1298,PNFK
1299,DSBU
1300,CZDD
1301,OHQE
1302,YBHV
1303,DBBP
1304,TMOE
1305,UPCI
1306,TQXG
1307,FNUO
1308,XJVS
1309,CCRT
1310,OGCS
1311,YXLN
1312,RJVX
1313,LRJH
1314,SAUL
1315,WWGE
1316,BWKH
1317,UQAB
1318,ICIW
1319,OTVS
1320,LXMX
1321,ZGJA
1322,XFLY
1323,NXFR
1324,MRBW
1325,KONK
1326,EZOM
1327,JPLT
1328,HZUM
1329,THZJ
1330,DBCP
1331,NYEG
1332,WWXU
1333,BLXB
1334,ULBE
1335,EPWG
1336,STRV
1337,UJSE
1338,PDLY
1339,VRCX
1340,EWHE
1341,KWLS
1342,HRML
1343,YQBL
1344,EQYV
1345,YTFC
1346,OVCR
1347,QCYF
1348,QFYK
1349,WUMV
1350,OEHW
1351,YLPF
1352,ZLAK
1353,NFKH
1354,LNBH
1355,DLUO
1356,XIRJ
1357,AQME
1358,AUOB
1359,RPGA
1360,ONIX
1361,GSLF
1362,PHCG
1363,FLJG
1364,KZWH
1365,CMSL
1366,PGUC
1367,SSRF
1368,YFYO
1369,OYTJ
1370,LBKE
1371,ZXOH
1372,QGWW
1373,MMIL
1374,GTCQ
1375,AAYU
1376,UOPV
1377,CGPO
1378,LIOF
1379,CWWJ
1380,YVOD
1381,CQZM
1382,YKZN
1383,JHYB
1384,CNAT
1385,BVBH
1386,FHNR
1387,ZUVS
1388,MILO
1389,FTDY
1390,UPEM
1391,HCGH
1392,SUHO
1393,PZWQ
1394,SODR
1395,OQUO
1396,QWNI
1397,JQQO
1398,MZIK
1399,DYWI
1400,CIZO
1401,GMHW
1402,DIRB
1403,OGWI
1404,GKXW
1405,WHFI
1406,NZWT
1407,FRCJ
1408,MCVO
1409,RVNR
1410,XVCH
1411,IUEQ
1412,SQPE
1413,XVXO
1414,MCUW
1415,MVAJ
1416,SLRV
1417,IYMQ
1418,RSVM
1419,XFET
1420,FITW
1421,BIDS
1422,KIBX
1423,EESH
1424,TQSB
1425,XECI
1426,DUFB
1427,JPLH
1428,OQPP
1429,VFTO
1430,ANXG
1431,YUIT
1432,NJBI
1433,GSWP
1434,LKEG
1435,EVPG
1436,KZPD
1437,MQIM
1438,QYKS
1439,VECJ
1440,OUAM
1441,FSOL
1442,CVLG
1443,GBVW
1444,XIQG
1445,QYCH
1446,UOOC
1447,XFFE
1448,CHJW
1449,PBCX
1450,ELDT
1451,TKAM
1452,PDGV
1453,KTZI
1454,ULJO
1455,YLAG
1456,LUZA
1457,NLSR
1458,TZBX
1459,WSZZ
1460,JOVF
1461,GLDC
1462,JDLN
1463,LLJH
1464,HNDX
1465,POKD
1466,VMZG
1467,LQRJ
1468,LBHC
1469,ISNO
1470,NKQJ
1471,JJDL
1472,HXKB
1473,IXRV
1474,BVDI
1475,TOXI
1476,KRST
1477,CTHY
1478,TASB
1479,WUVS
1480,MBOS
1481,VIXN
1482,LPUV
1483,UNXZ
1484,PEST
1485,LBSL
1486,WKPY
1487,UUPQ
1488,AADS
1489,BRRL
1490,GFAM
1491,GDTO
1492,HJJK
1493,PTZV
1494,ABKO
1495,ACCB
1496,ZTNF
1497,DQDK
1498,ZBVH
1499,FSJQ
1500,DERB
1501,MCYM
1502,EFQX
1503,HBDB
1504,NYYC
1505,OHVD
1506,VEYG
1507,DHCU
1508,SYRC
1509,AYTN
1510,SSDK
1511,GAWO
1512,OTHT
1513,AUME
1514,LCZL
1515,TBHY
1516,XIIQ
1517,XYJP
1518,ESGE
1519,STXI
1520,JSYM
1521,TCHB
1522,RYDB
1523,OSLA
1524,XYMG
1525,YASF
1526,EICM
1527,TMYI
1528,QRRQ
1529,VYQH
1530,YIKH
1531,RXNH
1532,TAYT
1533,WVTG
1534,UVJT
1535,LYQS
1536,LDRX
1537,VIBC
1538,PVIV
1539,VLQM
1540,BIUK
1541,GSHS
1542,ILFV
1543,LJCU
1544,ZSUC
1545,BQCN
1546,BOBZ
1547,ESYL
1548,KVHJ
1549,UHIE
1550,NJNH
1551,WGKA
1552,YFXB
1553,FXZW
1554,SQYH
1555,IWZE
1556,MEYK
1557,DUWM
1558,QIJA
1559,QWHJ
1560,KZDO
1561,OCFY
1562,WJGS
1563,IMTH
1564,HENI
1565,OHPU
1566,NXNT
1567,WEGJ
1568,OAVY
1569,NSRQ
1570,CLVH
1571,MKGG
1572,XZDQ
1573,KLLP
1574,TWRV
1575,RXAD
1576,CRJB
1577,QZJK
1578,KOEY
1579,TNSM
1580,ISVN
1581,IEHN
1582,PTHT
1583,GBKE
1584,TZNC
1585,SBZW
1586,ZPES
1587,MLKF
1588,ORTZ
1589,TQKC
1590,TUDV
1591,KYZZ
1592,RYAB
1593,DSEK
1594,SECZ
1595,WKEV
1596,VUTN
1597,CHQG
1598,DCQB
1599,KAQT
1600,XQGP
1601,FSVL
1602,KWRN
1603,DXHL
1604,GPIF
1605,WBZU
1606,FBDW
1607,NDGM
1608,EFJS
1609,BUHB
1610,QWOF
1611,BMMO
1612,CUSR
1613,XLOL
1614,KYRB
1615,LJMY
1616,VAKG
1617,XUNF
1618,EOLF
1619,DNSF
1620,EHYG
1621,JEND
1622,TPPP
1623,QUUC
1624,ALJJ
1625,HNIX
1626,GBVQ
1627,YXIQ
1628,DTXR
1629,FYWR
1630,XOWI
1631,ZXNT
1632,TKWT
1633,FOGV
1634,WXOD
1635,BDZJ
1636,UUIC
1637,ZZRN
1638,KLAF
1639,GYFP
1640,MGCP
1641,EXXZ
1642,KWYT
1643,YKIQ
1644,ILPM
1645,LXBJ
1646,HBTN
1647,PGSL
1648,LAEO
1649,MAJY
1650,VDAM
1651,BJSJ
1652,ORRX
1653,QGYF
1654,EUPB
1655,MSCL
1656,DJXF
1657,BTTC
1658,QKZJ
1659,AYKM
1660,EHIN
1661,JWOC
1662,YUMF
1663,RVYP
1664,ICFW
1665,YTJM
1666,QMOF
1667,MQJX
1668,SVZD
1669,BYTX
1670,ZAXH
1671,IFIT
1672,UEEO
1673,ZJZT
1674,KOCX
1675,EWIR
1676,GNVR
1677,XBXU
1678,JTLR
1679,QAPR
1680,ZONM
1681,XBSF
1682,JLDO
1683,WQZT
1684,VGXT
1685,AOIT
1686,QRRH
1687,NMUJ
1688,FRZH
1689,QQDZ
1690,JRIS
1691,PLYZ
1692,PANX
1693,CWMX
1694,AJAU
1695,IHVG
1696,RTHX
1697,GKAS
1698,FHTS
1699,SXAB
1700,WJST
1701,BAGZ
1702,FJAB
1703,SHXY
1704,CSHD
1705,CYEO
1706,TQMT
1707,HAZO
1708,INFE
1709,UHLP
1710,VOMF
1711,NANG
1712,ICTG
1713,YZZF
1714,MQEI
1715,KEDB
1716,WIVM
1717,BIZT
1718,LMGD
1719,QBBH
1720,LAOT
1721,CJDF
1722,AGIZ
1723,CQNW
1724,QNKQ
1725,QKPN
1726,VJJJ
1727,ZZUX
1728,RHSB
1729,PYVL
1730,IAZM
1731,HWDS
1732,KYYP
1733,CEAX
1734,SANG
1735,PRCE
1736,CDFS
1737,RNRA
1738,HVZI
1739,EIKK
1740,PNDR
1741,EKGR
1742,QZUF
1743,ZMPZ
1744,LSWO
1745,DUZD
1746,NNMU
1747,ERBJ
1748,WKDX
1749,AJRC
1750,POHK
1751,HDHQ
1752,YIMU
1753,AINQ
1754,AMYN
1755,BFCE
1756,EDMP
1757,LAUW
1758,MQSD
1759,JTNF
1760,EGEQ
1761,JPDX
1762,FOYY
1763,CJCS
1764,CXAB
1765,ZYUZ
1766,ESCI
1767,FECO
1768,FFKQ
1769,XMKN
1770,EBLZ
1771,YIYA
1772,EMAG
1773,TDOA
1774,YMYK
1775,BKHP
1776,DZTL
1777,JSLT
1778,EZHN
1779,RPCX
1780,QSYR
1781,UXYJ
1782,AQJX
1783,MJPJ
1784,CYDG
1785,JCIN
1786,HRLW
1787,LGFI
1788,QWSD
1789,LJXX
1790,SPNX
1791,KEIB
1792,FNQZ
1793,OPHC
1794,ZHDE
1795,WSIX
1796,EWIU
1797,HXOZ
1798,YMDG
1799,VMXM
1800,AVZD
1801,BVEK
1802,RLMJ
1803,AMIX
1804,WDJT
1805,EKAP
1806,WRZA
1807,OZPL
1808,KJNK
1809,NPMQ
1810,OKKI
1811,MBSD
1812,BRRZ
1813,TWDR
1814,GMPC
1815,QOGB
1816,MXSI
1817,WDXR
1818,MDIV
1819,IUZO
1820,BIQM
1821,ZUHL
1822,IWNV
1823,BTUC
1824,ZNKH
1825,WULI
1826,CHQJ
1827,KZOV
1828,SAUU
1829,CYJE
1830,OSBO
1831,ZLHI
1832,QBUC
1833,PNTW
1834,QNGF
1835,KMRL
1836,OMYL
1837,XHNA
1838,NBCH
1839,XOXR
1840,MHOE
1841,IHRC
1842,KXCN
1843,SDPR
1844,QBFW
1845,CQLT
1846,YMPL
1847,RQYL
1848,PYTF
1849,DVLD
1850,FRRG
1851,SFYF
1852,YMCV
1853,KDJF
1854,MSPV
1855,OUIY
1856,PVOR
1857,ENSB
1858,OBJD
1859,EJVB
1860,JOTE
1861,RDOF
1862,DOVJ
1863,DOJU
1864,ASDV
1865,PFMX
1866,ECYE
1867,IOKA
1868,GJLK
1869,SAAU
1870,QMTN
1871,HGPG
1872,GHUW
1873,MUEZ
1874,HFWG
1875,WEWH
1876,KZDT
1877,XHGT
1878,OXHT
1879,VHPU
1880,TIIG
1881,ZNQJ
1882,UUQX
1883,EROP
1884,PNOL
1885,MNRE
1886,EXJV
1887,BBTO
1888,BJEQ
1889,QLHB
1890,LHUE
1891,BRMZ
1892,IQAC
1893,QTQO
1894,UDUE
1895,CRNY
1896,FPFW
1897,AEUX
1898,FOYC
1899,JYGI
1900,TPEB
1901,QVMV
1902,KCPG
1903,ISAB
1904,SOJJ
1905,GUNE
1906,PTCP
1907,XREK
1908,GQIX
1909,OVEJ
1910,MNAR
1911,JVFO
1912,TESQ
1913,ASLU
1914,ZUTU
1915,UTHB
1916,VXEJ
1917,DBWW
1918,WIHH
1919,SZMA
1920,CGCN
1921,ANNU
1922,UMUK
1923,EWYN
1924,AOSM
1925,PLTN
1926,AZQV
1927,WAUB
1928,ZLEB
1929,ZCBT
1930,KGJG
1931,YZFE
1932,KQIB
1933,KQCE
1934,WUWQ
1935,OVFC
1936,LOWW
1937,LWJU
1938,BIOV
1939,DFTD
1940,JSEL
1941,CJRO
1942,YQHZ
1943,HBCL
1944,IXPA
1945,UAXA
1946,CBYJ
1947,WAZD
1948,FVEG
1949,HSEJ
1950,FOIN
1951,QKAU
1952,UXYF
1953,WKAX
1954,YTPJ
1955,PYOQ
1956,VRLI
1957,SGQV
1958,BFHC
1959,DBUV
1960,YTGF
1961,EMAM
1962,JRNL
1963,QPUV
1964,VMLP
1965,JHBH
1966,ATPJ
1967,ENYP
1968,HOGS
1969,DZZA
1970,AHUP
1971,ZIMF
1972,YQZF
1973,ASQW
1974,CERS
1975,DJFO
1976,IBGS
1977,FMXV
1978,XJQI
1979,WHKX
1980,JAWE
1981,GKYI
1982,LEMX
1983,TUTF
1984,JNGR
1985,RKYV
1986,OTPH
1987,AWPR
1988,FMWS
1989,YAHE
1990,HQYO
1991,LRFK
1992,GTJK
1993,MPBU
1994,YLFG
1995,ECHO
1996,FJVL
1997,GXVV
1998,AEAM
1999,FZWR
2000,GMPV
2001,PHIT
2002,YCFZ
2003,XJZF
2004,CQNA
2005,WFMJ
2006,XIZQ
2007,ZPSR
2008,ZQIQ
2009,WZBT
2010,RHUO
2011,VKGE
2012,MKFL
2013,CEZC
2014,USSW
2015,SIWB
2016,ZVEB
2017,EOIL
2018,YXKW
2019,QKJV
2020,TAPU
2021,CTUG
2022,KYFX
2023,AWKA
2024,NRAC
2025,UYTS
2026,DRKW
2027,RFRG
2028,TENE
2029,PQFW
2030,NHDZ
2031,DRWX
2032,RAYT
2033,ZGWD
2034,NAEH
2035,JXOE
2036,ZRZO
2037,DQZJ
2038,QDAE
2039,JZPI
2040,PIRC
2041,KLEF
2042,NPRF
2043,OZAP
2044,EMOR
2045,ZBZJ
2046,BEYI
2047,LVMA
2048,ZMID
2049,HOKQ
2050,KLNG
2051,YTCG
2052,XGAQ
2053,MLIC
2054,YNWZ
2055,FJRN
2056,WWFR
2057,REJK
2058,KGCO
2059,YAAO
2060,JOCV
2061,DUQE
2062,ITIJ
2063,BUUL
2064,KTDW
2065,WEWM
2066,JIVX
2067,HJEF
2068,AXWG
2069,KYLP
2070,KTDS
2071,WBXI
2072,VDBI
2073,CBEG
2074,YOSB
2075,VZRG
2076,ROXW
2077,FXAI
2078,LBQJ
2079,PAJL
2080,FDFU
2081,ORDU
2082,ITNF
2083,MMNS
2084,JKVO
2085,PODO
2086,LEBY
2087,FFEF
2088,LPBY
2089,EZNI
2090,DCNI
2091,MUMJ
2092,ACRY
2093,AHIA
2094,TSCW
2095,OWTT
2096,YZLZ
2097,UOKI
2098,ITDH
2099,YIDC
2100,DZJA
2101,QMER
2102,TRHZ
2103,TCMG
2104,QIIV
2105,HYKL
2106,VKIQ
2107,KVMQ
2108,WLFG
2109,XGNF
2110,PDCH
2111,CDFC
2112,QUXW
2113,SNBE
2114,LBNJ
2115,DXVB
2116,CBQS
2117,JAXA
2118,ZPVO
2119,MFUY
2120,ISHS
2121,NGQH
2122,QQKP
2123,FCGQ
2124,VIMQ
2125,RCSS
2126,WJTP
2127,RXGS
2128,RWSO
2129,ACFF
2130,MQCM
2131,IDEV
2132,NFPT
2133,PKYM
2134,EASQ
2135,FJGB
2136,EVXU
2137,BYPL
2138,OIFY
2139,WGZV
2140,RUGD
2141,PTWR
2142,PSYL
2143,NUPH
2144,RRSV
2145,HYRT
2146,CGWA
2147,NRTR
2148,AMOZ
2149,VBJK
2150,IWVP
2151,IQBU
2152,RYAY
2153,PVPH
2154,BRRB
2155,UKZK
2156,SBII
2157,BBEC
2158,KYOJ
2159,ERAJ
2160,FOEG
2161,GSGO
2162,KIDB
2163,XUIY
2164,ZCVH
2165,XLDO
2166,FCBT
2167,ETWO
2168,PLIL
2169,UIKA
2170,QOGH
2171,RTGE
2172,DAEZ
2173,CZFZ
2174,FMMC
2175,RWBY
2176,KBRE
2177,MTTK
2178,KIRG
2179,XACQ
2180,JEGU
2181,PTGQ
2182,XVQD
2183,NIVP
2184,YPAP
2185,WDQD
2186,CUYV
2187,HCNJ
2188,UEYT
2189,EZDM
2190,GULS
2191,EBTN
2192,KFMC
2193,GQPO
2194,IHOQ
2195,FQGE
2196,FJJK
2197,QVYY
2198,YKBD
2199,IEWJ
2200,BWQU
2201,WFYT
2202,DYIQ
2203,TMWX
2204,JRFI
2205,VTKZ
2206,PJVA
2207,CHKG
2208,UHMF
2209,DPVK
2210,RWWB
2211,IEKK
2212,UBDI
2213,UPPX
2214,OHRV
2215,UPGO
2216,DGUB
2217,QJOT
2218,BQBT
2219,JKUF
2220,TGJN
2221,NUBB
2222,NJNM
2223,CJMV
2224,LVCR
2225,WUOD
2226,ZYKU
2227,IKPK
2228,HHFF
2229,RPZO
2230,TXBJ
2231,NJER
2232,QBLU
2233,DOLB
2234,UIQS
2235,HWQC
2236,LBOD
2237,DNFT
2238,URQH
2239,GIYA
2240,OMXY
2241,PHJS
2242,EJZY
2243,PQSS
2244,BHIS
2245,FUWW
2246,TWMP
2247,PWCJ
2248,HCER
2249,ORKY
2250,NMUF
2251,YMMS
2252,MTOO
2253,OWIG
2254,IOOQ
2255,SXNY
2256,ODOQ
2257,CRZI
2258,ISGO
2259,HNID
2260,PAZK
2261,VZWN
2262,HXZC
2263,EDYE
2264,ZWIL
2265,YVDV
2266,FZTY
2267,LCTG
2268,LIQM
2269,DYWW
2270,AYSJ
2271,AWMZ
2272,APTH
2273,FZBW
2274,BCXJ
2275,RJFE
2276,QFRD
2277,YLTM
2278,MLDQ
2279,ZQMP
2280,WOFW
2281,IJSK
2282,FXJS
2283,QDNH
2284,AJWB
2285,ZGYM
2286,HHHA
2287,JXDK
2288,ZTAL
2289,VSHO
2290,YRIY
2291,GHCE
2292,PYTL
2293,UPJL
2294,MIWV
2295,GTLD
2296,GYPJ
2297,MZBK
2298,KIOL
2299,EFBZ
2300,OCXD
2301,VKXA
2302,IHLV
2303,ESOK
2304,HRUO
2305,ZPZK
2306,PCSN
2307,JTYT
2308,JPZU
2309,DPFP
2310,PZRJ
2311,SLSF
2312,YSQA
2313,PBEK
2314,ZVHM
2315,MYAG
2316,AYCC
2317,XZVX
2318,OWTQ
2319,SXWW
2320,ETIK
2321,VLGV
2322,ORQH
2323,DWRN
2324,RHVB
2325,IHNU
2326,XSCH
2327,HUYD
2328,XRSB
2329,JUOC
2330,KUYD
2331,FPLH
2332,NUJK
2333,CEZD
2334,XQZO
2335,CTZM
2336,MREZ
2337,PBQA
2338,HQNL
2339,OFYO
2340,YANP
2341,OLGV
2342,MYLB
2343,XIVR
2344,XAMK
2345,EROK
2346,PWFC
2347,UVWT
2348,PRMU
2349,YPVC
2350,SFJC
2351,NFOX
2352,DVYP
2353,ASNS
2354,QTIE
2355,YZYA
2356,TACP
2357,AWAN
2358,VXXH
2359,SSAS
2360,DJCC
2361,SYRK
2362,JBMM
2363,CKFS
2364,ISLE
2365,WJCD
2366,YQJH
2367,WYQB
2368,EAVV
2369,JEPJ
2370,TCKO
2371,ISJZ
2372,QNDE
2373,MENM
2374,UEAO
2375,RJYE
2376,DIOQ
2377,LPTD
2378,RZPB
2379,BHIF
2380,EXCU
2381,IPXH
2382,FGIX
2383,UJSS
2384,GNXN
2385,EZZN
2386,PCGZ
2387,WDLM
2388,YIVM
2389,XRLW
2390,YTZM
2391,NWFO
2392,TYWW
2393,QEZS
2394,KLTW
2395,LSDI
2396,LWKR
2397,TNPA
2398,GYOF
2399,YWAC
2400,PGXW
2401,IWJF
2402,SVZS
2403,VTLE
2404,QEER
2405,PINP
2406,POVV
2407,SQSV
2408,PWWM
2409,UWPA
2410,LWKG
2411,NBML
2412,LMIX
2413,GIWP
2414,GWAM
2415,YBHT
2416,AUPY
2417,PQIZ
2418,MIAY
2419,CXYU
2420,HJWN
2421,QYNP
2422,BTKK
2423,LIQK
2424,QMPT
2425,ZKVS
2426,TYHQ
2427,KMPB
2428,SJXO
2429,AWPT
2430,TOFM
2431,RCWK
2432,WSEU
2433,ZTNV
2434,SUEO
2435,GYRT
2436,SBDZ
2437,QBVT
2438,EQJU
2439,PKQU
2440,OMFF
2441,LXAC
2442,VXVX
2443,CONN
2444,JXKD
2445,BGTD
2446,RBAI
2447,ZNXN
2448,UANW
2449,OEYL
2450,LKXM
2451,BXGP
2452,NYUF
2453,EVTO
2454,IKWW
2455,KSWW
2456,OHOZ
2457,GXXM
2458,MVMC
2459,PKGC
2460,OCFA
2461,IYPC
2462,AAJJ
2463,IMPD
2464,FKNY
2465,ENHP
2466,PBKD
2467,COQW
2468,ZTSP
2469,MIBW
2470,ITDA
2471,KRCU
2472,QZZB
2473,AWDG
2474,LHJA
2475,CFAL
2476,LDZR
2477,BPXG
2478,FDNU
2479,UQHC
2480,JJHJ
2481,TMJO
2482,SPNB
2483,VFQK
2484,GUPG
2485,IFRD
2486,DAVW
2487,RULO
2488,OXAA
2489,BKVR
2490,GEQR
2491,CFWG
2492,DGQE
2493,UOKL
2494,CLOE
2495,XUAR
2496,QZAY
2497,TIXC
2498,NBPJ
2499,PHKZ
2500,TEJF
2501,ZPCX
2502,VHDN
2503,TCMV
2504,TTYN
2505,UMDB
2506,ACYY
2507,NICK
2508,QVWY
2509,SLVN
2510,SPBL
2511,XDSK
2512,NYMV
2513,CZRK
2514,SCBA
2515,DGQS
2516,RWHD
2517,NXCX
2518,YFVS
2519,SLGU
2520,AQDC
2521,XUJN
2522,ZFWV
2523,MDWP
2524,EITA
2525,RWWW
2526,PWHR
2527,TYPU
2528,UJCZ
2529,OGZY
2530,MMUK
2531,EZHJ
2532,YWKJ
2533,GYWQ
2534,HLMC
2535,XJQX
2536,KYRN
2537,YCBG
2538,AGRF
2539,MUNJ
2540,KQRP
2541,SKZH
2542,WBUK
2543,CTKA
2544,IUEJ
2545,WTJK
2546,VUBW
2547,RXXP
2548,XLJD
2549,CGOO
2550,VHCO
2551,XOYY
2552,VEZO
2553,URRT
2554,RSNB
2555,IEPL
2556,LRXC
2557,CFYB
2558,QVVU
2559,BHGE
2560,YDIC
2561,SSEU
2562,CSLF
2563,SGTM
2564,TLWM
2565,UIHW
2566,ADEO
2567,IRCE
2568,ZUEF
2569,EHMN
2570,DMRJ
2571,HGKI
2572,HQIY
2573,OCBF
2574,FLBU
2575,KMLC
2576,KEUA
2577,TWKQ
2578,VIIJ
2579,YEOR
2580,IBMS
2581,BMHX
2582,OUDD
2583,UXMX
2584,NPTV
2585,BLZW
2586,SKOU
2587,YQHN
2588,IADB
2589,UKNQ
2590,UTHP
2591,SHUW
2592,YJZS
2593,HCDT
2594,PVCO
2595,MMXQ
2596,DUMD
2597,ZVYA
2598,FXTW
2599,GQHK
2600,YHCF
2601,LJMX
2602,WFKK
2603,DGVZ
2604,GUJZ
2605,OUGW
2606,MZBJ
2607,AVBZ
2608,ATNY
2609,XRQJ
2610,EEBA
2611,DQRF
2612,PXMQ
2613,LQJB
2614,EEBO
2615,ALFD
2616,XTKA
2617,JTQM
2618,WMZI
2619,ZBOQ
2620,BJCB
2621,LAGG
2622,EWWB
2623,YZFQ
2624,AXUA
2625,PZOK
2626,ACJT
2627,QEVT
2628,OCXH
2629,JNUW
2630,AAPB
2631,SOZS
2632,JGRG
2633,MZAE
2634,CUAZ
2635,RNVY
2636,EAUA
2637,HRBY
2638,WRJN
2639,ZMXY
2640,CBXL
2641,MEHR
2642,UIJD
2643,QMNR
2644,KQXE
2645,WAAV
2646,ANJH
2647,RYDK
2648,AKBV
2649,OIFE
2650,GEYV
2651,LHON
2652,KPUP
2653,HXNO
2654,RAAM
2655,KTKF
2656,FVZW
2657,GPTP
2658,SZCA
2659,TUGK
2660,WTRY
2661,ZOBQ
2662,IXKG
2663,FGWA
2664,IWDY
2665,NKYD
2666,OLKN
2667,YWMP
2668,WRDS
2669,WXMC
2670,QGQD
2671,XTMF
2672,QNXZ
2673,KHHF
2674,VNRQ
2675,TVTS
2676,FBBD
2677,LOTM
2678,CMET
2679,ZSDU
2680,TDHH
2681,RWLQ
2682,KNFO
2683,YVIE
2684,JCLY
2685,ENTJ
2686,BCJU
2687,WFEG
2688,HGHY
2689,VMHJ
2690,AQQH
2691,AQAM
2692,QWLG
2693,CWWE
2694,PFQZ
2695,UVLG
2696,ESGA
2697,NGMM
2698,TJQI
2699,QWBY
2700,AGDB
2701,WHBA
2702,BGXW
2703,DCKU
2704,CXHY
2705,BQON
2706,ZBFM
2707,QHIM
2708,SXYY
2709,LDJX
2710,ZYRB
2711,PDOI
2712,DLAE
2713,UTUJ
2714,UTAC
2715,GICS
2716,EKWJ
2717,FVAI
2718,WEFC
2719,XGKS
2720,JDUS
2721,PGGN
2722,XGWU
2723,QOLM
2724,SECM
2725,FUPB
2726,GWFG
2727,GXUV
2728,WVYX
2729,FEBY
2730,CHYX
2731,YSNZ
2732,WNPK
2733,TIOW
2734,NCNV
2735,NHYE
2736,BVQH
2737,CTOM
2738,VRHM
2739,HIJE
2740,LZKU
2741,SOAV
2742,SWMX
2743,QULO
2744,TOEM
2745,LNTL
2746,WZDR
2747,AXZW
2748,RYHJ
2749,FEZP
2750,GKCE
2751,BIBM
2752,JPUT
2753,ALWL
2754,SMSY
2755,OZLY
2756,VDZV
2757,DTJU
2758,HPAV
2759,HAXQ
2760,NKQH
2761,YYOD
2762,JRNO
2763,WMJW
2764,ZEQU
2765,PUKE
2766,NQHD
2767,LJPD
2768,ZODH
2769,FHAV
2770,GPII
2771,JHIK
2772,FHSP
2773,SXFD
2774,XGDP
2775,UVGQ
2776,FWSU
2777,KAHC
2778,IFRW
2779,KWPU
2780,UOJB
2781,JIKE
2782,CFAQ
2783,HEKD
2784,ZRFJ
2785,EYYX
2786,CDJJ
2787,CIDY
2788,SFMO
2789,YMGT
2790,GKQC
2791,ISTL
2792,MIJE
2793,MGCQ
2794,GDJD
2795,UDUS
2796,EXZQ
2797,AACF
2798,RTOE
2799,OJAI
2800,MUOI
2801,NONL
2802,SEDT
2803,NNFY
2804,MIWQ
2805,HRME
2806,QUZW
2807,NXSI
2808,AOXH
2809,FFPN
2810,PALQ
2811,EEGA
2812,SNSR
2813,JLCH
2814,TYVJ
2815,HDFT
2816,MVCP
2817,BBNZ
2818,LXBP
2819,RXZN
2820,GKOV
2821,QHPB
2822,VTUZ
2823,QMGH
2824,BJQJ
2825,PNPG
2826,SFGE
2827,IQUR
2828,GMXD
2829,GMWX
2830,WFVL
2831,BMGJ
2832,ORXG
2833,GJKU
2834,RFEW
2835,IBIS
2836,XGZU
2837,XPWL
2838,EVPE
2839,SDTD
2840,ZUXA
2841,LSBG
2842,ZDNY
2843,RBBX
2844,OGGD
2845,RVHO
2846,PWWV
2847,WBDU
2848,QXYB
2849,YTQI
2850,HWGT
2851,CIZC
2852,WSDH
2853,UITQ
2854,BGVB
2855,BBBE
2856,VPYP
2857,YUKN
2858,IFIC
2859,QVHM
2860,VRGW
2861,WSZR
2862,IMOT
2863,VOWT
2864,EUPZ
2865,HLCC
2866,GALI
2867,VRIW
2868,WYDJ
2869,ZTSZ
2870,JCXM
2871,SPOB
2872,RKTO
2873,KVLS
2874,MRFO
2875,XWZX
2876,NADF
2877,UXAW
2878,EKPC
2879,QXSA
2880,XTYJ
2881,XHPT
2882,FFFI
2883,ARJH
2884,MKRQ
2885,TVKY
2886,GPYO
2887,BMWP
2888,GOQC
2889,HTUU
2890,AWXU
2891,MEJD
2892,WXXY
2893,RJKX
2894,QMMU
2895,FYKY
2896,ZINT
2897,JGBX
2898,NQWG
2899,YWKV
2900,PSHA
2901,KFTB
2902,ZSIF
2903,HROH
2904,LOAA
2905,WEBQ
2906,KKKT
2907,YLIK
2908,APEO
2909,NEFV
2910,AHHP
2911,XBPE
2912,RLJM
2913,XDZG
2914,FOLW
2915,GYEA
2916,BULU
2917,ORXC
2918,RTSH
2919,RXPN
2920,OMWF
2921,RDWF
2922,FFQN
2923,PIIQ
2924,PMVP
2925,SBTY
2926,FIVG
2927,JARP
2928,CPRT
2929,PDFN
2930,QWGA
2931,SEBY
2932,FBPH
2933,AGEO
2934,NMML
2935,DMOR
2936,VNTR
2937,LIQE
2938,HAYR
2939,VVNJ
2940,HWTV
2941,EFFR
2942,MGJZ
2943,TBAU
2944,FINA
2945,JUTS
2946,CXSB
2947,QQDI
2948,NXLM
2949,LRVA
2950,RKND
2951,IRRY
2952,KYTK
2953,VKJC
2954,THIH
2955,JQLQ
2956,BLVH
2957,WXYS
2958,HRNR
2959,IESB
2960,XFYD
2961,KYRI
2962,EDOW
2963,SGBL
2964,YMBL
2965,MYOY
2966,NUDQ
2967,WGLC
2968,PUVF
2969,RJDR
2970,XHXA
2971,DBCB
2972,SSXZ
2973,QRNE
2974,LIQE
2975,WEMK
2976,KJRT
2977,MZVH
2978,VHWV
2979,ZSWB
2980,EULS
2981,QLIO
2982,QWWO
2983,PSNL
2984,RGZP
2985,LXJD
2986,RFMQ
2987,ZXRD
2988,UHGV
2989,HPOO
2990,WWSC
2991,BJBF
2992,IFFG
2993,AXIC
2994,VBSJ
2995,LJXU
2996,BBBI
2997,JLKG
2998,VMXZ
2999,FRWN
3000,JZYK
3001,HCHG
3002,GZXA
3003,RVIO
3004,WRYX
3005,YVPG
3006,QTJY
3007,MWYN
3008,JMJV
3009,JBCV
3010,XAGG
3011,SUUK
3012,WDFX
3013,QNME
3014,OYPH
3015,QSKE
3016,TGJK
3017,DOSC
3018,XINX
3019,ILLH
3020,DXWI
3021,AVGU
3022,RDBI
3023,VHDD
3024,XBJS
3025,ZUVQ
3026,DBQO
3027,UFFS
3028,ZGFH
3029,EFSV
3030,BMFY
3031,ZEAM
3032,FAAA
3033,SLTK
3034,EZHP
3035,CLNY
3036,SMAX
3037,TVRL
3038,KPLR
3039,PBGL
3040,LEHG
3041,OZSY
3042,LMLF
3043,VQYT
3044,WREE
3045,XUPN
3046,WHPU
3047,PPQU
3048,ESAH
3049,PROW
3050,UBAN
3051,IOUX
3052,RRPS
3053,EKHD
3054,VDZV
3055,FQLV
3056,NVHD
3057,UMEW
3058,HMLW
3059,RDKO
3060,BZHV
3061,LRAS
3062,QHZB
3063,YKGU
3064,YXHJ
3065,YDRN
3066,GTLC
3067,CNUO
3068,EIDT
3069,MPJC
3070,KTZK
3071,AJSP
3072,KZSW
3073,EPFR
3074,WXNV
3075,OZJG
3076,JUJT
3077,WFZX
3078,LAOF
3079,WUDL
3080,KVYX
3081,GCBP
3082,YTGP
3083,JOGX
3084,TACI
3085,AUJG
3086,FMBJ
3087,EBXY
3088,SYYX
3089,LRZE
3090,MULU
3091,WWYM
3092,MUUA
3093,GYUY
3094,QNOA
3095,BRPF
3096,NVQT
3097,PTZH
3098,SMLN
3099,GVSO
3100,JUIM
3101,YMXY
3102,HKYM
3103,ESMC
3104,DPVZ
3105,DPHM
3106,VDLM
3107,RXEG
3108,NBAK
3109,NVXQ
3110,VFIQ
3111,DYPW
3112,SGYO
3113,JXXI
3114,EDWD
3115,AINV
3116,FSPX
3117,RINY
3118,OIXP
3119,HOJF
3120,RAYI
3121,UMUX
3122,PRNR
3123,MTLZ
3124,NMOQ
3125,WJKT
3126,EGEK
3127,ZKMC
3128,MWOQ
3129,LCRR
3130,XUSI
3131,KCZJ
3132,HKGT
3133,WSZM
3134,NTQD
3135,YEPQ
3136,ZDCR
3137,XYFY
3138,SQBV
3139,ZYUK
3140,FXZP
3141,NNLH
3142,ONRY
3143,RGGC
3144,YEYS
3145,DOSO
3146,XZRX
3147,SKDP
3148,ESPB
3149,SWGK
3150,TZOR
3151,WJUZ
3152,SQJG
3153,ZQIR
3154,JHUS
3155,ZTWC
3156,FXOE
3157,SEDN
3158,KLDA
3159,BGUF
3160,BGVX
3161,CNSN
3162,DVRO
3163,KQFW
3164,IFQO
3165,TKIB
3166,ARGW
3167,OVVU
3168,BGMQ
3169,JVWI
3170,KKUB
3171,IFYW
3172,TRDN
3173,BLLF
3174,KYRP
3175,OBDW
3176,OAPF
3177,QVTG
3178,HVEU
3179,SGUJ
3180,UVRR
3181,OEKT
3182,GSAD
3183,QAPQ
3184,ZQDL
3185,NSUF
3186,PMDE
3187,GFIM
3188,UDQZ
3189,SORF
3190,CPWX
3191,HOCC
3192,MVOA
3193,LGKF
3194,IOWV
3195,QWFZ
3196,CZQL
3197,SQUZ
3198,BDUQ
3199,FCZO
3200,FMLV
3201,KDYW
3202,SPVX
3203,GQVO
3204,KYSM
3205,QJMO
3206,LAJZ
3207,JPKD
3208,NMWX
3209,FNFG
3210,GUZP
3211,QGWO
3212,ZDJQ
3213,EMXX
3214,EAXQ
3215,JWYG
3216,CIRL
3217,NTDN
3218,LXNB
3219,UBBM
3220,HESU
3221,RVXH
3222,CGSS
3223,JKGO
3224,KRNQ
3225,FURB
3226,QGGH
3227,ARZV
3228,ZKYW
3229,LVTN
3230,WBTR
3231,DBDT
3232,IEMA
3233,MMDZ
3234,NBNK
3235,LLZP
3236,MQWM
3237,ZYHG
3238,IMMI
3239,ITMS
3240,SHVI
3241,VMSQ
3242,KJWJ
3243,UQSS
3244,WGKO
3245,JURN
3246,BUBV
3247,HGWW
3248,OIJD
3249,KOVC
3250,JGUP
3251,CQEG
3252,PWOX
3253,XWQJ
3254,CKAB
3255,RRPT
3256,GHBQ
3257,QBBS
3258,UCLT
3259,JIAY
3260,SUWX
3261,PGXY
3262,CWUQ
3263,VMDD
3264,XWFB
3265,VSJD
3266,KXFA
3267,YEPR
3268,JDJU
3269,ULVR
3270,UGNY
3271,JPCD
3272,HTQM
3273,PJFU
3274,EWES
3275,YSKH
3276,AEHC
3277,ONCG
3278,ZJYP
3279,FMJW
3280,MFHS
3281,LNPQ
3282,CNET
3283,BPTZ
3284,TIIH
3285,YYSR
3286,PMWD
3287,GMGB
3288,RSLA
3289,QUEJ
3290,MXWV
3291,FQGO
3292,PLIU
3293,ZIQJ
3294,KLOU
3295,OWKY
3296,NIAI
3297,SWUM
3298,PXAZ
3299,QVGV
3300,BWGD
3301,DYZB
3302,ZHGR
3303,SBHC
3304,CYWS
3305,CQEK
3306,JJXL
3307,DAXX
3308,SGJZ
3309,LFPD
3310,OJZJ
3311,YFZU
3312,ZCGF
3313,WWIO
3314,JXHA
3315,BNUS
3316,NWGM
3317,WCZG
3318,BATS
3319,RNII
3320,HSBI
3321,MIDF
3322,INMN
3323,PHOM
3324,CJRW
3325,DMML
3326,QALF
3327,CCSI
3328,OEWJ
3329,TRKZ
3330,SFCH
3331,UBNR
3332,XQWY
3333,HWLQ
3334,RBMA
3335,DWCU
3336,LOCP
3337,APDO
3338,OCKI
3339,GMHC
3340,HLUG
3341,PLWQ
3342,RGFV
3343,NWNR
3344,SVWL
3345,UDOV
3346,BFDM
3347,IQCX
3348,ZANP
3349,WPZY
3350,UAWX
3351,QZNI
3352,HUDJ
3353,BEDN
3354,INHL
3355,ILIN
3356,SFIL
3357,OPVK
3358,LDIV
3359,PVSX
3360,NHFP
3361,DKSJ
3362,DYIQ
3363,GNHA
3364,HORD
3365,MEDW
3366,RSIQ
3367,FPFG
3368,SHDQ
3369,CYGB
3370,FSJI
3371,MPUG
3372,VDAN
3373,XFAP
3374,DNQJ
3375,PKBJ
3376,TBQU
3377,YMYX
3378,REXM
3379,QIWP
3380,HUHE
3381,TOBX
3382,THKV
3383,JMGC
3384,SZMG
3385,QCBF
3386,XLVR
3387,WXHF
3388,PCJY
3389,MWKI
3390,AIFJ
3391,NCEC
3392,ZPAX
3393,NGXA
3394,RFME
3395,UDWP
3396,KFUV
3397,KRKD
3398,IPFZ
3399,ETMI
3400,AHTY
3401,HHYE
3402,TGIU
3403,CBPW
3404,LICJ
3405,LKLQ
3406,IFPV
3407,MTPQ
3408,RFTV
3409,WFJM
3410,NERH
3411,PRLH
3412,CJWG
3413,TAPH
3414,HDYU
3415,TKQL
3416,RMJW
3417,QEGW
3418,BWFQ
3419,GFIH
3420,VWBZ
3421,AAXN
3422,OAAH
3423,OGRM
3424,RJVI
3425,RDBU
3426,WXOF
3427,MMUX
3428,MXPB
3429,MSDL
3430,GIGG
3431,JCDR
3432,VDZQ
3433,ENTK
3434,IGCQ
3435,MHES
3436,ZSML
3437,IXCD
3438,BGOD
3439,JIPE
3440,LJUU
3441,TTZO
3442,BJYB
3443,KEKB
3444,AQEG
3445,ZNSY
3446,YCLV
3447,NVNQ
3448,WXRQ
3449,DUCD
3450,KZCC
3451,URZA
3452,HSLZ
3453,MNQF
3454,WTEB
3455,ZLPC
3456,DEOB
3457,RJQS
3458,VAOR
3459,TRHC
3460,DQHR
3461,SSTG
3462,FWUP
3463,IDET
3464,EGCH
3465,ZJIW
3466,XDQB
3467,NPSN
3468,IZCD
3469,FGOY
3470,CZHO
3471,HQYG
3472,QQXX
3473,ITLA
3474,IVEH
3475,CVSK
3476,LBCW
3477,TJZH
3478,EZGU
3479,LKOS
3480,DZBL
3481,GYFG
3482,TAKT
3483,HOFL
3484,UZZX
3485,LAYT
3486,DAPR
3487,NXIO
3488,PQWM
3489,AOCD
3490,VRFX
3491,FLCD
3492,WYLX
3493,EOJP
3494,RKON
3495,SILA
3496,CKKW
3497,POFO
3498,XEHP
3499,GRPB
3500,LVXH
3501,ANJF
3502,SDKK
3503,WVQS
3504,KBMS
3505,UKLD
3506,DBPK
3507,WYAD
3508,NWIV
3509,TNER
3510,CPCX
3511,FMPK
3512,KBHI
3513,TLEL
3514,AKDA
3515,UAQW
3516,UFBH
3517,RBOL
3518,AWCH
3519,HKUO
3520,MOWC
3521,BYQB
3522,SDTC
3523,XECP
3524,QMNZ
3525,PTKV
3526,WYLZ
3527,TPYD
3528,PDQV
3529,DJKB
3530,BRBZ
3531,LCMG
3532,RUCL
3533,OIDQ
3534,YBNH
3535,NCDB
3536,WWFB
3537,TTJI
3538,MWTW
3539,YYSH
3540,ZIGX
3541,VMIB
3542,MDCZ
3543,BEAP
3544,XNKI
3545,YZEM
3546,NPGZ
3547,GBID
3548,AILO
3549,LYYD
3550,BESC
3551,RDOP
3552,PFAW
3553,CYKT
3554,GEFI
3555,QOTK
3556,UHIE
3557,CGZW
3558,JTRJ
3559,RXFW
3560,IRQA
3561,PAXI
3562,GVYU
3563,CDWS
3564,UTXV
3565,BXEF
3566,FQMF
3567,UNHZ
3568,GMYQ
3569,TJHE
3570,FRZC
3571,JJVJ
3572,AGVM
3573,WHSU
3574,OCSD
3575,VWLZ
3576,LAML
3577,QARD
3578,GDHW
3579,NMBM
3580,CGXB
3581,OYTW
3582,DGQF
3583,HUMY
3584,ROKL
3585,HUPR
3586,ZIUS
3587,HGKT
3588,ZZDM
3589,VCRZ
3590,DGSN
3591,SRWG
3592,DSUO
3593,BIIR
3594,WXXO
3595,QYRM
3596,XMXL
3597,VKUL
3598,LDDK
3599,VZRW
3600,QMHE
3601,FYIC
3602,DOFD
3603,GALR
3604,XGVJ
3605,WRJR
3606,DVLG
3607,EWZN
3608,LLBM
3609,OITN
3610,YHDR
3611,AGOO
3612,KJFW
3613,FHTZ
3614,UVPX
3615,XSBQ
3616,DMWU
3617,VAWK
3618,UHXG
3619,MAJS
3620,SYUE
3621,NYNC
3622,XYBJ
3623,ZIZD
3624,RZHT
3625,KECR
3626,ESTK
3627,HZTQ
3628,CBLK
3629,VIRO
3630,IPBK
3631,TCNJ
3632,WYLU
3633,UNOP
3634,LVLV
3635,MFCM
3636,IXLS
3637,FKVR
3638,WYCM
3639,VMKO
3640,SMGB
3641,NFJQ
3642,AWYU
3643,RUPM
3644,SXQF
3645,JEWA
3646,GNKP
3647,TVDO
3648,ZMZT
3649,UTBG
3650,ACMK
3651,TJGN
3652,VFPN
3653,YGVJ
3654,EXZA
3655,HZDF
3656,JWJM
3657,KJRY
3658,EDHY
3659,ZQZY
3660,XRRN
3661,NMNO
3662,YFWS
3663,JJIL
3664,LICW
3665,DXZU
3666,UKOV
3667,CAXQ
3668,TDBB
3669,PEBV
3670,FQCK
3671,RVYN
3672,XZSQ
3673,MWQQ
3674,UOKC
3675,UOMO
3676,GXPI
3677,KMZK
3678,WYKP
3679,DFBW
3680,HRNF
3681,SQIJ
3682,RUPI
3683,NZYB
3684,FHBO
3685,TEIE
3686,KLUR
3687,CUFF
3688,CTBJ
3689,YDIB
3690,VEVC
3691,SVAI
3692,XVCF
3693,ZKZO
3694,WNML
3695,OXXO
3696,LXQF
3697,GSNJ
3698,OFJN
3699,MMUW
3700,ZTRB
3701,PQRS
3702,ZFSS
3703,MVTR
3704,PXWQ
3705,RFOX
3706,PKLK
3707,QXJM
3708,SOAZ
3709,LYPS
3710,QUER
3711,YDVA
3712,AQRB
3713,KGJT
3714,PHGK
3715,LUYQ
3716,FZPW
3717,JLWD
3718,UNJI
3719,HWUK
3720,PXGK
3721,CYIS
3722,ZSFL
3723,BOWK
3724,ZNKV
3725,TOOL
3726,GKFJ
3727,OPWI
3728,MSNU
3729,VOOX
3730,OWJW
3731,THWA
3732,BHFH
3733,IXKC
3734,XVLX
3735,LPEF
3736,AQGS
3737,HNZZ
3738,QSOD
3739,NMDP
3740,WJQY
3741,YXKY
3742,IQXA
3743,SVJQ
3744,WVLT
3745,TPSW
3746,UMRR
3747,WNAN
3748,UUPX
3749,NYBV
3750,SYQY
3751,FCZO
3752,ZEXM
3753,OICH
3754,OQAL
3755,WMSL
3756,VOCP
3757,ZJRL
3758,XJFJ
3759,OQBY
3760,XWKP
3761,WOFF
3762,MOQU
3763,EBTC
3764,LCTO
3765,RQGJ
3766,TGYZ
3767,LSTJ
3768,BXRU
3769,ACQG
3770,TULL
3771,IZHO
3772,QVOD
3773,WASN
3774,FVJX
3775,WHLQ
3776,AEHC
3777,QUQC
3778,SVRI
3779,AYDP
3780,DBNL
3781,AJEC
3782,UGBX
3783,BKHU
3784,XEWI
3785,PBVN
3786,XXUZ
3787,EUNA
3788,ZGBO
3789,GFYG
3790,WDAK
3791,EKMO
3792,PGWQ
3793,DRNS
3794,OKDI
3795,QMTS
3796,BDZE
3797,SNSM
3798,KIVB
3799,UZQZ
3800,IFIT
3801,XUZC
3802,AJBX
3803,QXVF
3804,TGSL
3805,HEEA
3806,LCBZ
3807,CPLA
3808,TMJZ
3809,STSW
3810,UTZF
3811,ZVJT
3812,CBTM
3813,DYVS
3814,MDUX
3815,XKYF
3816,PBCZ
3817,DLYP
3818,RTQN
3819,PQTJ
3820,DJOE
3821,PZTH
3822,XKMC
3823,GNBI
3824,JSAF
3825,ZGXV
3826,GSDW
3827,LGPN
3828,ZJAD
3829,KQCG
3830,MSPY
3831,KFHI
3832,QRWT
3833,YHTQ
3834,QVGF
3835,EZKC
3836,ICXZ
3837,OALU
3838,XZDF
3839,UXDH
3840,KDBR
3841,RXQV
3842,TKKR
3843,VKZS
3844,JBPS
3845,UYXH
3846,NGLT
3847,CUCJ
3848,PAPH
3849,EYUF
3850,BWUQ
3851,HMGG
3852,NPBG
3853,LHFJ
3854,NTGO
3855,HFHW
3856,NFRF
3857,IAPJ
3858,SBYV
3859,GTZU
3860,QRAU
3861,EWTB
3862,EMLT
3863,MQWP
3864,XKJI
3865,DDNY
3866,OBWU
3867,AMYL
3868,VXSI
3869,QIJB
3870,IXIX
3871,UFNO
3872,TQAX
3873,UEQV
3874,WCND
3875,QJVQ
3876,IDXN
3877,NWCB
3878,HGZW
3879,RTXS
3880,ZTVX
3881,YBWM
3882,RNBV
3883,GTNN
3884,EIKP
3885,VZWP
3886,BXZL
3887,YMTH
3888,WAZZ
3889,AGFR
3890,CMBH
3891,EMNZ
3892,HARR
3893,UJRO
3894,ICOP
3895,EVZF
3896,XREC
3897,EMFJ
3898,ZDOG
3899,WBHN
3900,HWDX
3901,FYLU
3902,VJWK
3903,JVIT
3904,WKRG
3905,CUDX
3906,GAKY
3907,RSPD
3908,BMIZ
3909,CLMA
3910,JZHH
3911,ERXA
3912,YFTC
3913,SUVL
3914,QADO
3915,VCNZ
3916,ZMYP
3917,EMNF
3918,UKGZ
3919,CIET
3920,DKYH
3921,GRKV
3922,BSTA
3923,CDSJ
3924,OEEH
3925,TIBB
3926,CVKG
3927,OKGR
3928,NLWF
3929,XOME
3930,ZBIZ
3931,FBMT
3932,GWHO
3933,CEXS
3934,CZPL
3935,AJGQ
3936,DKRG
3937,TLHW
3938,HLBN
3939,EQEX
3940,HZYE
3941,ESYS
3942,HXLR
3943,RTGM
3944,YHFQ
3945,SVOX
3946,ZBNE
3947,HQZC
3948,BHCH
3949,TUTD
3950,HVNT
3951,AINW
3952,LYTM
3953,NFRQ
3954,LKEQ
3955,KHID
3956,SFVY
3957,JENA
3958,BCVO
3959,QENS
3960,TSLW
3961,LNWA
3962,DBPD
3963,ZOFI
3964,HXSK
3965,KDNO
3966,CHKP
3967,STNE
3968,CLZW
3969,XZSW
3970,DHJY
3971,DXUI
3972,WCEQ
3973,YAQD
3974,KGHT
3975,EYON
3976,BIYX
3977,TUSS
3978,ZFKZ
3979,KPQK
3980,TUIJ
3981,YGPP
3982,EFLO
3983,HLNU
3984,UOLZ
3985,HHTI
3986,YJLC
3987,WGOC
3988,VPSU
3989,BCDF
3990,JWYV
3991,BBCG
3992,SDRN
3993,AXPF
3994,IUWZ
3995,JZAN
3996,GIMY
3997,JBAZ
3998,YEQF
3999,IROJ
4000,KDJY
4001,HPJT
4002,OSQD
4003,KEUP
4004,FGEJ
4005,FPXY
4006,IUDC
4007,GQRP
4008,DWWE
4009,IWKJ
4010,SKGB
4011,ZKDW
4012,QXOH
4013,QFAJ
4014,SJZV
4015,QUKS
4016,DQRW
4017,JQAG
4018,VJGS
4019,BCDX
4020,JQCQ
4021,SMUR
4022,CSIS
4023,JWTE
4024,AMCF
4025,GZQW
4026,IHJM
4027,EMXV
4028,EJRD
4029,UFIS
4030,NCQJ
4031,DSYQ
4032,ARFT
4033,NRVM
4034,QMUC
4035,SGIJ
4036,NUNO
4037,TPZW
4038,IQOB
4039,DIJJ
4040,SQWW
4041,INEV
4042,FFHY
4043,LIQU
4044,IRZM
4045,ESWE
4046,MYUH
4047,TQZS
4048,CLCH
4049,KRAP
4050,VTJF
4051,HQYR
4052,OUUX
4053,ZTGS
4054,UBLV
4055,BXDX
4056,PNOU
4057,OAJU
4058,CHUN
4059,GGZM
4060,WRON
4061,AFZL
4062,GSKE
4063,KPFJ
4064,ZFNE
4065,JBYS
4066,NOQI
4067,YJYX
4068,TYDN
4069,SEYX
4070,PFWA
4071,ZSDS
4072,DVMZ
4073,UPMR
4074,GKUE
4075,XEIR
4076,UYKE
4077,LZQN
4078,KBHM
4079,TYRT
4080,SQVV
4081,RBWK
4082,WWEX
4083,SKDJ
4084,APXO
4085,EVFM
4086,VNTP
4087,XMAL
4088,YRXU
4089,XGBF
4090,WDUT
4091,ILME
4092,PKHX
4093,THCC
4094,WSEX
4095,RSBW
4096,XZJS
4097,FBVV
4098,SGJT
4099,UVHG
4100,FKIC
4101,TRMD
4102,REQP
4103,RNCF
4104,PEYE
4105,NXAD
4106,VBLI
4107,WVTN
4108,MOEE
4109,JUKR
4110,FUBA
4111,HAMK
4112,IOHJ
4113,GICX
4114,EMAP
4115,DBIJ
4116,YCAH
4117,FTIC
4118,BFYR
4119,NBCV
4120,QJRR
4121,WDWJ
4122,AYOQ
4123,XHDO
4124,NHYF
4125,YWOG
4126,RZWN
4127,ZHHD
4128,HTDV
4129,JIAR
4130,YVQN
4131,YMSZ
4132,PEHH
4133,BXHO
4134,TVTI
4135,OJJT
4136,XLOR
4137,ZFUE
4138,JOWO
4139,MQYE
4140,TXBV
4141,TKYG
4142,JYZI
4143,WTNM
4144,TRZS
4145,DUMQ
4146,JTYQ
4147,XXOQ
4148,JDFQ
4149,XZON
4150,LWEQ
4151,KCFN
4152,FFSV
4153,QTMY
4154,JZPU
4155,INSV
4156,KEAQ
4157,VHGA
4158,PPOU
4159,UKYN
4160,GSKQ
4161,IMQF
4162,FZKQ
4163,XKHP
4164,PIUN
4165,SAKU
4166,OZLC
4167,NOQX
4168,FLEV
4169,GXQD
4170,XRIE
4171,JIZA
4172,BKKN
4173,LLIF
4174,DYNG
4175,VXBA
4176,XPXI
4177,LTYT
4178,NMHA
4179,QHLB
4180,UMES
4181,NNXD
4182,MCRH
4183,CGEW
4184,RRGO
4185,JJQL
4186,XXMZ
4187,SKKH
4188,JPRC
4189,AXUY
4190,ZYXS
4191,ALHZ
4192,LOEG
4193,BKJK
4194,FGYM
4195,DPWO
4196,GSQK
4197,CJQD
4198,ILWW
4199,YXEL
4200,FSLU
4201,PRKK
4202,EEAU
4203,NBOD
4204,SCAI
4205,MEFG
4206,TPPL
4207,IKRZ
4208,BRPV
4209,BKXF
4210,VFQY
4211,HJEE
4212,UFEM
4213,MFUJ
4214,UWCJ
4215,SIWS
4216,THNI
4217,KVWN
4218,RGDO
4219,GNYI
4220,SPZB
4221,WHXO
4222,XLPZ
4223,KLUO
4224,YRCW
4225,ZQEB
4226,PQDE
4227,IYEV
4228,CYKZ
4229,NQZI
4230,WVGF
4231,MRHU
4232,NVDN
4233,OIGU
4234,BEER
4235,PVXE
4236,DFWV
4237,KNUE
4238,XZFA
4239,RYGD
4240,EGCY
4241,BMOD
4242,SVMM
4243,UPYN
4244,REMN
4245,HLNV
4246,CXAB
4247,FNYE
4248,BYQK
4249,IYAY
4250,POAA
4251,FWHC
4252,FIFJ
4253,LGWY
4254,VDXW
4255,WGRT
4256,ZUMW
4257,CRCE
4258,IGDK
4259,EORX
4260,DWCG
4261,MMNX
4262,IQSD
4263,RFEW
4264,PHML
4265,UQNM
4266,KGDY
4267,OMFR
4268,YUCX
4269,XIND
4270,GZQL
4271,HEUU
4272,KGDV
4273,IVFQ
4274,NQHA
4275,WZVF
4276,PVLR
4277,BQTD
4278,TTJD
4279,AWRW
4280,OTYV
4281,CZNV
4282,VDOA
4283,WFJW
4284,YEAX
4285,JGLZ
4286,GLZF
4287,OCPD
4288,SYFC
4289,YWRG
4290,NZYH
4291,IDFP
4292,MBYM
4293,OZUI
4294,NMEF
4295,LMWR
4296,IXIH
4297,OMXP
4298,JNCU
4299,PMXF
4300,JDJI
4301,CIXQ
4302,PPWN
4303,UACI
4304,IAVJ
4305,GMPV
4306,KMYR
4307,FREL
4308,CRRX
4309,TGDZ
4310,EQMP
4311,WTAH
4312,BNJM
4313,HXEX
4314,PIKN
4315,BJRF
4316,NOFZ
4317,LXLE
4318,UUEE
4319,EDFJ
4320,UXPJ
4321,EAFZ
4322,OCNK
4323,FLFA
4324,FFDQ
4325,NBNF
4326,HEBO
4327,IOVZ
4328,ZGJE
4329,ZQTV
4330,BIEI
4331,NUDI
4332,XOGJ
4333,UUED
4334,TUEU
4335,WDSY
4336,ZHME
4337,RCSM
4338,RNMB
4339,RVLD
4340,PCCH
4341,LUPW
4342,NKWA
4343,RDRN
4344,GDCB
4345,IJYI
4346,DDMX
4347,BJLO
4348,OKXN
4349,RKKA
4350,SANF
4351,KCTV
4352,ACBD
4353,WTAS
4354,TJZF
4355,PDYH
4356,WSRL
4357,HBZV
4358,XLFD
4359,TRTD
4360,OISA
4361,PNFF
4362,YZGB
4363,QTWL
4364,USHI
4365,KBKB
4366,NPNX
4367,AZEH
4368,AVEU
4369,NVSN
4370,WGDV
4371,IIIS
4372,AGLN
4373,DCBC
4374,AOQT
4375,JKXY
4376,FTHR
4377,RJNR
4378,UPGJ
4379,IFAB
4380,PNGF
4381,SQGY
4382,VCMI
4383,PVVK
4384,SKAA
4385,RWLH
4386,XELC
4387,YVOV
4388,WOIE
4389,YTRF
4390,ACRT
4391,ZUAM
4392,PCAJ
4393,WDFC
4394,TGLM
4395,UBXR
4396,NKUT
4397,LTGD
4398,MIIF
4399,RQKX
4400,LFNM
4401,GGPR
4402,VSPW
4403,GMSZ
4404,CIPL
4405,JATN
4406,YGMU
4407,BGNZ
4408,YMNQ
4409,HNSA
4410,SQRM
4411,OGJJ
4412,ZGER
4413,OIAA
4414,BLDH
4415,UVUC
4416,ODEX
4417,GYCR
4418,BZTX
4419,LMJX
4420,MVWW
4421,RESR
4422,NXQD
4423,JBXQ
4424,EQVF
4425,RSAM
4426,NGZG
4427,IHCI
4428,NMOB
4429,OIIY
4430,QRKP
4431,OBRH
4432,IZZH
4433,ATSR
4434,ASDU
4435,PKRP
4436,CWVZ
4437,EQJF
4438,BSRO
4439,HOPI
4440,OHYD
4441,DCPR
4442,RMHS
4443,XRRW
4444,NSEQ
4445,XITO
4446,OHMM
4447,DNDX
4448,WSID
4449,QQSS
4450,SREP
4451,MAZO
4452,RKDP
4453,GXMO
4454,IEJE
4455,XGUK
4456,FOMB
4457,QOUS
4458,HVSR
4459,EEGL
4460,TVXN
4461,LENT
4462,IGHX
4463,MPQI
4464,GEXQ
4465,LIOW
4466,NEWN
4467,WJWE
4468,XIOS
4469,JADW
4470,BJWP
4471,NQIN
4472,FWOC
4473,MAOE
4474,FANI
4475,HHEO
4476,SLBJ
4477,DABJ
4478,ISCY
4479,XYDY
4480,GQBO
4481,XQEY
4482,GAUW
4483,ACOT
4484,YURV
4485,ITMK
4486,VEEQ
4487,WGNI
4488,CVOH
4489,BWZG
4490,EDMS
4491,ZLUS
4492,TCKT
4493,AGAG
4494,VKWC
4495,IVWZ
4496,CGXM
4497,DKOX
4498,VJCJ
4499,UVOI
4500,KTTO
4501,IVVU
4502,CDQX
4503,TSKF
4504,YZRZ
4505,MFVV
4506,FQBP
4507,ARHM
4508,WLPZ
4509,CCVV
4510,CQWV
4511,WBRL
4512,GMJW
4513,YMZD
4514,NUZK
4515,EZEM
4516,PVTB
4517,IBHT
4518,IYOO
4519,EKPU
4520,JWVA
4521,FXBZ
4522,JCYH
4523,APUC
4524,OWIL
4525,FDTM
4526,MCFU
4527,FMMX
4528,IBCB
4529,OZJH
4530,ZHKM
4531,YUKO
4532,DCGI
4533,OOBD
4534,GJEG
4535,CMEO
4536,DJTV
4537,ZBYB
4538,LGDN
4539,CULC
4540,HFWR
4541,ZPKZ
4542,DFVT
4543,CEWG
4544,QUWO
4545,CMHX
4546,UUEE
4547,VCUP
4548,UKQC
4549,HXBQ
4550,XYDL
4551,DQDS
4552,LJUA
4553,JVFA
4554,CUGF
4555,EEPR
4556,CNTU
4557,DGRD
4558,BXIG
4559,MGUG
4560,WSYZ
4561,VYTO
4562,QNBP
4563,YRWV
4564,CHXO
4565,HGDD
4566,CKYT
4567,WQPS
4568,KPWD
4569,YKXA
4570,WIWR
4571,NBRE
4572,BEAY
4573,XCFR
4574,AJQI
4575,KRPM
4576,CTXL
4577,WOJT
4578,SXOI
4579,IEQZ
4580,VJHN
4581,SJKP
4582,DREG
4583,AJNZ
4584,MDCC
4585,JXBP
4586,KLLR
4587,DLUQ
4588,QXLN
4589,MERP
4590,PRSQ
4591,OQLI
4592,SIHI
4593,MXVM
4594,EGNF
4595,ZGIV
4596,RHLX
4597,SKEY
4598,GYOA
4599,LQAI
4600,PTXT
4601,RURS
4602,KIOK
4603,SRPI
4604,NFOR
4605,EKNT
4606,HFCO
4607,RPMH
4608,VLEG
4609,HBER
4610,TKSD
4611,ZNTZ
4612,TVKF
4613,DXBU
4614,CHBY
4615,ZDFY
4616,JIUI
4617,TJRP
4618,LBPO
4619,HUOO
4620,VUHO
4621,NNBH
4622,GEMY
4623,XQTF
4624,XPOL
4625,RMYU
4626,AESJ
4627,FXSH
4628,VXOG
4629,HYBW
4630,WUIN
4631,YZEV
4632,ABVY
4633,VEQL
4634,EOGS
4635,CINO
4636,LZCP
4637,WCOO
4638,EVRZ
4639,RWYT
4640,EMUH
4641,OWHE
4642,AMXC
4643,IQTD
4644,RJDL
4645,BZEW
4646,PGJY
4647,UJEQ
4648,QCZF
4649,THMW
4650,XMON
4651,FENM
4652,SZTO
4653,XTJX
4654,XUVI
4655,WBVI
4656,NCCH
4657,CNNV
4658,QDMH
4659,BBXY
4660,QMUA
4661,FRSM
4662,QJRB
4663,IWYP
4664,VQRS
4665,GIDS
4666,NTIX
4667,PZSN
4668,XJDT
4669,RHDL
4670,AAYS
4671,BXYR
4672,JSQN
4673,YOOM
4674,NHWF
4675,EJYG
4676,WWVC
4677,HCWM
4678,YNCC
4679,OTGL
4680,LTNX
4681,UGAZ
4682,AFJQ
4683,RCIM
4684,EOHE
4685,CZGV
4686,KQAG
4687,CXSG
4688,GKSF
4689,NSVS
4690,DYRD
4691,IJJI
4692,INXF
4693,KZXB
4694,VTYJ
4695,PBXL
4696,GTFO
4697,WVMN
4698,HGAR
4699,LKAW
4700,ACSR
4701,TRTG
4702,VOSP
4703,RBLF
4704,NTLQ
4705,AZUB
4706,QWBN
4707,NKQR
4708,TUVM
4709,YPFY
4710,KDUF
4711,LDIO
4712,EVDI
4713,SKYV
4714,QSTE
4715,SMNX
4716,KGKA
4717,CWRB
4718,GXAK
4719,GDVX
4720,YVOH
4721,MPVG
4722,QQAU
4723,GVUY
4724,ZEQZ
4725,LJPY
4726,TKNT
4727,CWJE
4728,BAFW
4729,WFYQ
4730,OQFP
4731,XOCF
4732,CMFQ
4733,EMVG
4734,ZKGV
4735,SVLQ
4736,BABL
4737,DGNO
4738,WQLO
4739,NUEP
4740,TMTA
4741,ZGZM
4742,WWUK
4743,TWML
4744,FQVO
4745,DXKG
4746,KIDN
4747,GHBQ
4748,ZDZY
4749,XLCB
4750,PZLO
4751,DSXJ
4752,NVIE
4753,ZTPJ
4754,OBNX
4755,DDLY
4756,LMZT
4757,PACP
4758,DXXO
4759,BGAA
4760,WKRF
4761,JBRR
4762,CVUQ
4763,AGJG
4764,PMOY
4765,FVYE
4766,IASB
4767,JKIQ
4768,VCEX
4769,MHYW
4770,DPYG
4771,NXYI
4772,BCUD
4773,KHWS
4774,LFGL
4775,SLUC
4776,LBQX
4777,IQSF
4778,MWUW
4779,RSHQ
4780,LKUF
4781,FULE
4782,ZMQJ
4783,XHBN
4784,CGRU
4785,MGTH
4786,THVK
4787,CQLG
4788,RRUS
4789,TMEQ
4790,ZPZY
4791,VXXZ
4792,VAHJ
4793,MMFQ
4794,BZRS
4795,LYDG
4796,KCJF
4797,LTGT
4798,QTGD
4799,EEQE
4800,RFBE
4801,QRXC
4802,BPPE
4803,MCOF
4804,OSZA
4805,LBWR
4806,PICQ
4807,MDSL
4808,MCDF
4809,DFCP
4810,HBMA
4811,PJHC
4812,QCNR
4813,LJIC
4814,VTCW
4815,EFEL
4816,SMVP
4817,XUBC
4818,MVCN
4819,IGFK
4820,VGTO
4821,HLUU
4822,CDXL
4823,PJDW
4824,GJOO
4825,JMVT
4826,ZUNP
4827,XNML
4828,LMSW
4829,YIPY
4830,BKDZ
4831,YXAN
4832,GPXN
4833,AEMW
4834,CPWN
4835,NAKS
4836,SBAU
4837,EUHP
4838,UVAB
4839,EFZF
4840,IZXI
4841,ENDF
4842,RKEB
4843,RJJU
4844,XZHH
4845,SRQG
4846,LKMN
4847,RXKH
4848,ZTFJ
4849,JRIT
4850,WDAO
4851,HJHT
4852,HDNL
4853,UQGF
4854,NWSL
4855,MTXL
4856,QBTM
4857,HDAB
4858,FXHW
4859,WLTH
4860,XANP
4861,MMWL
4862,AOCI
4863,RNVL
4864,PGXF
4865,JPYM
4866,CRGP
4867,ERJL
4868,WHRZ
4869,AZDQ
4870,ETVM
4871,QVTZ
4872,CPPO
4873,BDTU
4874,WIMM
4875,EOKU
4876,GHGZ
4877,NINS
4878,PGUA
4879,BZHT
4880,KZLA
4881,VPWG
4882,ZXAT
4883,ITCJ
4884,AWPH
4885,TWJT
4886,BFKO
4887,TXIM
4888,QVMB
4889,LFGN
4890,BATE
4891,XMZO
4892,SDKJ
4893,MPLJ
4894,JAWQ
4895,VKMG
4896,KFBP
4897,CBUY
4898,VQHO
4899,RANM
4900,FBEU
4901,FGHM
4902,WYNM
4903,ABFE
4904,PDQC
4905,KSHV
4906,UYIW
4907,GNCI
4908,IMZF
4909,WZVW
4910,PNTI
4911,GZZM
4912,XGRH
4913,GOOP
4914,JGOD
4915,TJCX
4916,TUNZ
4917,JJEZ
4918,CQST
4919,AJKT
4920,UYBZ
4921,OXPF
4922,NZUV
4923,FJQF
4924,ZCCN
4925,OFLN
4926,WESR
4927,VXUQ
4928,PSBB
4929,WIRF
4930,CEGJ
4931,FJAM
4932,KZRJ
4933,FZDV
4934,KCJA
4935,JPTM
4936,HOWD
4937,SUTH
4938,CXRG
4939,IZZF
4940,LAWR
4941,FNMK
4942,NGSI
4943,RZGM
4944,EBKN
4945,EEXX
4946,WZIF
4947,LBSM
4948,ITRC
4949,CZKY
4950,ARQL
4951,HZZJ
4952,XYRB
4953,ELRJ
4954,UHVJ
4955,PNGY
4956,UFTK
4957,FNVE
4958,QQRY
4959,BMPR
4960,DJTO
4961,TZYZ
4962,XTXE
4963,ICAM
4964,WOYJ
4965,RCVD
4966,PCLH
4967,IUKU
4968,WBCS
4969,MVID
4970,EDFX
4971,UCUI
4972,XRFM
4973,SWFZ
4974,DUSC
4975,MUYC
4976,MRNP
4977,TCMT
4978,PJDA
4979,PQGY
4980,IJJL
4981,QYLU
4982,CJFM
4983,UXPA
4984,USRR
4985,DPUH
4986,SNWC
4987,QPXU
4988,VXSZ
4989,WZVN
4990,MZOH
4991,DEXJ
4992,THLD
4993,CLLB
4994,GPYY
4995,ZIDD
4996,MAQK
4997,GOCV
4998,HERS
4999,KUEL
5000,DBYE
5001,YJQB
5002,NMBI
5003,COMZ
5004,CPBX
5005,ZDPT
5006,FMQG
5007,EJWM
5008,QAIB
5009,RRQQ
5010,OHHV
5011,DCXL
5012,ASTI
5013,BSAO
5014,ZQYH
5015,WAHU
5016,OEWG
5017,PYCA
5018,UDMI
5019,YPSR
5020,PGGD
5021,WEEQ
5022,VXHB
5023,ZSWA
5024,MKCB
5025,QFHI
5026,KYMV
5027,SRPF
5028,WXVR
5029,CUYO
5030,SSGG
5031,EZGC
5032,UWTY
5033,IYGS
5034,GGGP
5035,NVBW
5036,GSQG
5037,DHMM
5038,KSVH
5039,WHYR
5040,POZE
5041,WZFA
5042,KCXJ
5043,MOHO
5044,HLLS
5045,UMEQ
5046,OMIJ
5047,EMUA
5048,BPZW
5049,JGKD
5050,ILAJ
5051,JYIO
5052,ZODY
5053,JCAU
5054,ZQHM
5055,WFZA
5056,YCOH
5057,IWWO
5058,XBMD
5059,OPXG
5060,TZRB
5061,WBMW
5062,ZWHQ
5063,JXNG
5064,SUBZ
5065,YLYV
5066,QXSE
5067,RPQM
5068,GUFV
5069,AODM
5070,DKZB
5071,LKIA
5072,WMZN
5073,SGCX
5074,DZJU
5075,BCKF
5076,MNFQ
5077,PKLW
5078,YVBC
5079,CHDO
5080,BMKB
5081,ZNXE
5082,DART
5083,LEJQ
5084,PCTH
5085,EFEQ
5086,INGB
5087,VVXG
5088,UFQD
5089,TJCQ
5090,LBFE
5091,KZNU
5092,QYHN
5093,GIIF
5094,GAJH
5095,VHJG
5096,STKK
5097,DQPJ
5098,OJDX
5099,WMGS
5100,UJWS
5101,OOEJ
5102,FOYU
5103,CPZJ
5104,COMZ
5105,UOZB
5106,HFIZ
5107,IBMR
5108,QWNH
5109,CFNJ
5110,UKJI
5111,QFNH
5112,MXGG
5113,UZCT
5114,ARXW
5115,VYOM
5116,JTUF
5117,INYI
5118,FKUT
5119,LZJW
5120,FHHA
5121,UWHM
5122,MCEZ
5123,YMMC
5124,GRPO
5125,RZSM
5126,ECKA
5127,CIAY
5128,NYCJ
5129,VQWM
5130,OOQR
5131,SICV
5132,AQCD
5133,CMMY
5134,WKEM
5135,FKJV
5136,NZML
5137,UFFU
5138,JOYF
5139,CTAC
5140,VYZX
5141,KQYU
5142,XTXU
5143,MUUN
5144,VEKM
5145,UIFH
5146,OVMP
5147,YMGN
5148,ZTDZ
5149,HSLI
5150,CXNB
5151,NDFB
5152,EQFQ
5153,NESQ
5154,CPBL
5155,JYJF
5156,NBOY
5157,RVGF
5158,HIWH
5159,IGXL
5160,VOAM
5161,ZUMP
5162,GNWW
5163,YJBM
5164,ILGI
5165,OPGG
5166,IPSQ
5167,UCGD
5168,AUQG
5169,RFUB
5170,ATGI
5171,QEMJ
5172,WKGS
5173,MNAB
5174,DVON
5175,SVEV
5176,KPMK
5177,AAIO
5178,VEFD
5179,TYLZ
5180,IASJ
5181,NTXG
5182,PICG
5183,VVED
5184,YMRY
5185,TJJX
5186,WHDN
5187,QAVA
5188,PIVD
5189,XMSL
5190,ZDWK
5191,XEOK
5192,ZFET
5193,EIRL
5194,BRGX
5195,USYY
5196,BIWH
5197,DZZN
5198,RHMI
5199,DOCT
5200,ARZJ
5201,PIGT
5202,UBTI
5203,IXVS
5204,VYEC
5205,QVGY
5206,NJIV
5207,FLZH
5208,JDHH
5209,GRRI
5210,VUDS
5211,GRUM
5212,NYFU
5213,JFFX
5214,MAGV
5215,DTVG
5216,GNLS
5217,ZHER
5218,TNFZ
5219,BBIN
5220,RPZP
5221,QAQT
5222,BZQZ
5223,QZHT
5224,TPXL
5225,GQCP
5226,JKPD
5227,JWPV
5228,HTMB
5229,DNUX
5230,QYXO
5231,AEKX
5232,QMXA
5233,FTBP
5234,FGQT
5235,VYJR
5236,HVXN
5237,TGNI
5238,HRIO
5239,OXWU
5240,KGPS
5241,KAOU
5242,QGVZ
5243,YLMO
5244,YAVQ
5245,UVFT
5246,RFPB
5247,WOLP
5248,HPGL
5249,LXAC
5250,TKNA
5251,QDDG
5252,OTOE
5253,XKWF
5254,SXGC
5255,BEMR
5256,WPOF
5257,DRXQ
5258,SBBU
5259,QVBE
5260,IWUU
5261,UBWX
5262,GZBP
5263,UNCA
5264,ZFXE
5265,ZBNR
5266,GHMU
5267,NOQY
5268,QDFE
5269,VLII
5270,HCMB
5271,ZSYF
5272,WNBF
5273,ZNIF
5274,ANTB
5275,XULA
5276,SCXS
5277,EDMS
5278,UQTG
5279,GIWT
5280,AGQV
5281,STWD
5282,QWYR
5283,RBRM
5284,IUZM
5285,AYRL
5286,DIYI
5287,YQEI
5288,BCHB
5289,VJCV
5290,CWOB
5291,QEVJ
5292,FWUX
5293,TIWY
5294,JIJB
5295,LNIF
5296,OGCG
5297,AUCO
5298,GSAG
5299,PWMQ
5300,IHBQ
5301,JJLC
5302,HXFN
5303,HHQX
5304,PISK
5305,RAKG
5306,RJWM
5307,APUP
5308,VYGW
5309,UBQH
5310,WJWD
5311,KVLT
5312,GQKW
5313,KFUN
5314,CIDT
5315,ESGP
5316,RZPI
5317,HBEX
5318,NRCR
5319,WYTU
5320,XTLV
5321,QRUK
5322,BZHF
5323,UUKX
5324,TEOE
5325,IKJN
5326,DWFU
5327,GUBG
5328,JEST
5329,LOUT
5330,NYDK
5331,NHGR
5332,WJLO
5333,VZMI
5334,NGFA
5335,KUVW
5336,YFLN
5337,YLLB
5338,FOQY
5339,AGTW
5340,WWOR
5341,ULDI
5342,RTCZ
5343,OOKN
5344,VLGK
5345,PCCY
5346,PRUC
5347,BPLP
5348,EIUG
5349,KHPI
5350,MTVC
5351,OOMJ
5352,AAEP
5353,AWOS
5354,FYMR
5355,YVWQ
5356,DVNF
5357,GVIA
5358,XRWO
5359,LAYY
5360,RDCN
5361,DCDU
5362,HORJ
5363,SLFA
5364,FWGH
5365,WECQ
5366,NPOK
5367,LDHQ
5368,KTDW
5369,XKFR
5370,SHNY
5371,QQXD
5372,HULX
5373,ARTG
5374,ZOLU
5375,NACY
5376,BKUY
5377,EKAA
5378,AAIF
5379,OOLD
5380,JJIT
5381,DCYI
5382,RHCF
5383,ABCE
5384,UMPF
5385,NQFX
5386,IELN
5387,UPOM
5388,IQQA
5389,LTTN
5390,QTVY
5391,HXIX
5392,HJRC
5393,CAXY
5394,BLKN
5395,DPGE
5396,GNOW
5397,PUEO
5398,XOLJ
5399,PBCE
5400,HCFJ
5401,SBST
5402,EBVM
5403,RVDJ
5404,DRNT
5405,SOHI
5406,ZQPO
5407,PANO
5408,RYKZ
5409,BWIR
5410,EUNI
5411,QWWR
5412,TGUN
5413,OBFH
5414,ASWI
5415,WGVI
5416,INWC
5417,IDNK
5418,RKLA
5419,HGYT
5420,VIYR
5421,WMQA
5422,CFGD
5423,BBBC
5424,EUON
5425,LWEX
5426,EGQP
5427,SPOT
5428,OFNM
5429,EKBM
5430,AZXH
5431,ERCC
5432,ZZRR
5433,ZHZT
5434,FWXU
5435,PTVM
5436,QXGR
5437,DAIZ
5438,YMKS
5439,PTJO
5440,AZGY
5441,OSTU
5442,ABTW
5443,JKPF
5444,DJWJ
5445,NHEO
5446,DFAJ
5447,FSDJ
5448,XCYB
5449,KFAR
5450,QHYW
5451,VMDE
5452,JUNS
5453,ENML
5454,XNGR
5455,LRDC
5456,TYHC
5457,PHZG
5458,JYNG
5459,KVOW
5460,NWAO
5461,HQWH
5462,PHQV
5463,NUZN
5464,UAQO
5465,CUGO
5466,FCLY
5467,DJND
5468,UOGL
5469,RYWZ
5470,GRTP
5471,HTZN
5472,VIXR
5473,KJKF
5474,QFXY
5475,KWLS
5476,BCLC
5477,DTKT
5478,YNKE
5479,CDSS
5480,KWUX
5481,FLNH
5482,ICZZ
5483,WOWE
5484,YPUT
5485,FNEU
5486,WHFC
5487,PQVK
5488,EDAR
5489,ZBOZ
5490,OTXO
5491,VMIM
5492,ERSY
5493,OCJH
5494,LELJ
5495,TKGP
5496,IHZI
5497,YVCY
5498,DIZE
5499,EGJU
5500,XRQL
5501,YGMB
5502,HTQQ
5503,HURQ
5504,BUXV
5505,VYQA
5506,ZKFW
5507,GKWR
5508,VDQB
5509,VOEE
5510,QOPQ
5511,MXNM
5512,PJVM
5513,VWVP
5514,VPOH
5515,UGVB
5516,ABDL
5517,GUWF
5518,WORD
5519,GHHS
5520,MJAE
5521,FEUD
5522,EBLY
5523,NGEF
5524,EOZI
5525,AVOH
5526,SMKM
5527,CMQP
5528,XKMH
5529,BYQV
5530,RLLW
5531,CHWL
5532,TSMZ
5533,OKMP
5534,HTII
5535,TYEH
5536,VCRF
5537,LOKG
5538,JKAE
5539,YGHP
5540,GFZS
5541,UYPR
5542,WGOX
5543,CRKX
5544,NCSN
5545,MAVG
5546,YJOE
5547,XPNI
5548,HOHO
5549,NIXD
5550,MWOX
5551,WLPV
5552,QSUH
5553,SQEE
5554,XDDD
5555,RBDY
5556,OIYD
5557,BRFL
5558,VDAB
5559,CWNG
5560,GTSK
5561,RINW
5562,AEBG
5563,OSDW
5564,HHAD
5565,TGJU
5566,DORK
5567,NRWR
5568,AHGN
5569,LTHB
5570,SDVL
5571,XRVB
5572,GWNT
5573,RJTA
5574,AFIB
5575,EWDC
5576,XVCQ
5577,SVLS
5578,OYFF
5579,XNVY
5580,BTHN
5581,LPYW
5582,ILUZ
5583,XQIF
5584,FGDO
5585,QTFL
5586,HFVO
5587,GHFT
5588,GXGH
5589,SPDZ
5590,DXNS
5591,VIGE
5592,KJUG
5593,HDPH
5594,PFZA
5595,JZEZ
5596,LJXK
5597,TIQY
5598,PFDV
5599,OGRA
5600,EUFD
5601,UZQW
5602,IRFR
5603,XWAO
5604,RMWS
5605,PPJF
5606,BVBU
5607,XPAY
5608,XSHH
5609,UUNA
5610,RDFB
5611,NRSM
5612,PRHO
5613,JDKU
5614,KQPA
5615,OOLT
5616,VUHH
5617,RPIT
5618,GYWZ
5619,IYWI
5620,DASI
5621,RMIH
5622,OIUT
5623,SQLD
5624,LCZU
5625,VGPL
5626,GTEA
5627,ZYBK
5628,HKIQ
5629,QCJM
5630,WRXD
5631,HJGZ
5632,URKA
5633,IBBV
5634,LMRM
5635,ZOUC
5636,RSVP
5637,UHCR
5638,JULJ
5639,PGRX
5640,TEOL
5641,DABA
5642,ILAS
5643,NCBX
5644,NLCI
5645,JPIJ
5646,CXVI
5647,UBWR
5648,RPPO
5649,JLGY
5650,LAWF
5651,HGXI
5652,MDXE
5653,HCSI
5654,EGBX
5655,VNTM
5656,XBQN
5657,CJFZ
5658,DGDK
5659,ZJRR
5660,AGWX
5661,WPTV
5662,HKGI
5663,PNSE
5664,VCKC
5665,AZKH
5666,KSCI
5667,MJEH
5668,ELDG
5669,TIUN
5670,NRDN
5671,XDAO
5672,MSZV
5673,AYXM
5674,NIIT
5675,DYQC
5676,OYZG
5677,KKTT
5678,YOVL
5679,HJFX
5680,BFOE
5681,TREZ
5682,KENY
5683,CXER
5684,DWHM
5685,UECP
5686,SVDL
5687,YODD
5688,VXTJ
5689,DALI
5690,GIFX
5691,BYRA
5692,DUFO
5693,TOEM
5694,GGMW
5695,XWZJ
5696,VRAS
5697,RNRL
5698,JSBA
5699,SFIH
5700,ZMHW
5701,DONH
5702,EBOL
5703,IFMJ
5704,SPLE
5705,BTCH
5706,PBWG
5707,DXZB
5708,LSMP
5709,GHRJ
5710,HBPQ
5711,YWXQ
5712,TACE
5713,FVVP
5714,YBGT
5715,MJHA
5716,ELSX
5717,JWZF
5718,IZXM
5719,PGOL
5720,NGAP
5721,JTNC
5722,YCYW
5723,ENGE
5724,RNWY
5725,JHTJ
5726,JWRA
5727,YMYE
5728,XVFW
5729,EEOK
5730,RYQC
5731,KSVJ
5732,NJPC
5733,UGKH
5734,JMBC
5735,FTAU
5736,GCEY
5737,RLTI
5738,YRMG
5739,GGJG
5740,MQYS
5741,UTZK
5742,CBFP
5743,PKYS
5744,KIHO
5745,CXTY
5746,POTP
5747,VNWD
5748,IQMI
5749,ADVF
5750,YWOF
5751,NURV
5752,JKHJ
5753,LUBO
5754,PZZJ
5755,CESM
5756,PNWA
5757,STVO
5758,PZAK
5759,AYUE
5760,BQJV
5761,SOAE
5762,WVLF
5763,VWPK
5764,HWWN
5765,NZVK
5766,FQEK
5767,LJGX
5768,BXVA
5769,JRMB
5770,CABW
5771,AGGD
5772,YVTE
5773,NKQN
5774,AZIV
5775,LGQX
5776,YDTW
5777,TAFU
5778,NJKZ
5779,KIUD
5780,IDQH
5781,UXUA
5782,MXJK
5783,WOVB
5784,UKLQ
5785,NEKY
5786,MOAG
5787,TBUR
5788,GGGU
5789,VJUI
5790,ODIZ
5791,UNWK
5792,DLFT
5793,NITC
5794,DQID
5795,JYXT
5796,ZCFC
5797,GIGX
5798,YKJP
5799,FKCU
5800,JARW
5801,FQBS
5802,SRII
5803,BDNX
5804,WHBZ
5805,TCFT
5806,EGUY
5807,MCDC
5808,MCKR
5809,LQHY
5810,HWEE
5811,IQRJ
5812,JBVP
5813,XZGY
5814,KOAC
5815,QYIA
5816,HSYL
5817,VIPU
5818,YDFI
5819,DWLM
5820,FQHL
5821,OFJF
5822,FPZV
5823,NTCR
5824,MIFV
5825,RXWN
5826,ODLU
5827,ZZBQ
5828,GUYQ
5829,UYEB
5830,KTRQ
5831,RFZF
5832,YNXG
5833,ZSQN
5834,LFAX
5835,KISI
5836,KSDW
5837,YTEP
5838,XKXW
5839,NHQV
5840,NOFY
5841,WIOY
5842,NCGZ
5843,LJBB
5844,XTPD
5845,SGLL
5846,MNII
5847,LTPE
5848,YEIE
5849,BOFH
5850,INUF
5851,ZBQS
5852,RVYN
5853,WERP
5854,RIEE
5855,ZDVR
5856,KSFT
5857,BNAT
5858,LOPR
5859,CODX
5860,IWLE
5861,ATOU
5862,YRGJ
5863,PWQP
5864,RIRD
5865,XIIX
5866,XBFL
5867,VVWM
5868,DXKD
5869,FRPN
5870,TJYX
5871,PLDX
5872,RDBU
5873,BQPG
5874,JHMF
5875,UKVC
5876,EIXW
5877,LXWE
5878,TXAY
5879,SMTI
5880,DQWB
5881,MERN
5882,KEMO
5883,JYME
5884,OFND
5885,MOIQ
5886,UBBD
5887,FGFG
5888,ZMWP
5889,SELV
5890,MLXK
5891,ZOHU
5892,LPST
5893,MDIF
5894,ARZO
5895,BJPV
5896,IFVC
5897,AUZO
5898,VUXQ
5899,WKTB
5900,DTME
5901,AKCO
5902,UJEI
5903,JQVP
5904,KUDZ
5905,PGUP
5906,TIWK
5907,QQYU
5908,LGXL
5909,ZBLI
5910,XHWV
5911,TCNB
5912,RKHR
5913,KPGT
5914,DSRY
5915,GPVA
5916,KYPR
5917,OAKY
5918,KKFD
5919,QUAV
5920,UCUG
5921,PBVF
5922,JFAW
5923,FQQV
5924,FJGZ
5925,KAJP
5926,EVZA
5927,XCGT
5928,LMCM
5929,SNKL
5930,EDSF
5931,WOPD
5932,LMQQ
5933,KXGO
5934,ABLL
5935,AXMP
5936,OIKZ
5937,YBHL
5938,LXQM
5939,UPQX
5940,FIWH
5941,BGPT
5942,PERY
5943,LIZE
5944,XJES
5945,KMZC
5946,HPMM
5947,PAFH
5948,YFWF
5949,XAYO
5950,JVIY
5951,BNEP
5952,FAYR
5953,JGSD
5954,NTQH
5955,KBOK
5956,LGAY
5957,RLZU
5958,THCR
5959,RQEC
5960,ZDNU
5961,PCCE
5962,PNKK
5963,SGMA
5964,VKKK
5965,CRTJ
5966,HOOU
5967,WACQ
5968,ZNFP
5969,AGRO
5970,KRQK
5971,GDLL
5972,XUVJ
5973,YISM
5974,QYBZ
5975,QDOP
5976,XTAW
5977,LSNK
5978,SCZU
5979,ARBV
5980,PVFT
5981,SDDA
5982,XNRJ
5983,DIYI
5984,SICB
5985,LAPT
5986,CUIF
5987,GLCX
5988,SHAD
5989,TCNJ
5990,BJZR
5991,GWFD
5992,HLKT
5993,GPYB
5994,CESG
5995,YKNO
5996,GNYX
5997,FVQJ
5998,BQYA
5999,BCHR
